<dict>
    <key>LayoutID</key>
    <integer>13</integer>
    <key>PathMapRef</key>
    <array>
        <dict>
            <key>CodecID</key>
            <array>
                <integer>269697542</integer>
            </array>
            <key>ExtMic</key>
            <dict>
                <key>HeadsetMic_dBV</key>
                <integer>1088421888</integer>
                <key>MuteGPIO</key>
                <integer>262144</integer>
            </dict>
            <key>Headphone</key>
            <dict>
                <key>AmpPostDelay</key>
                <integer>50</integer>
                <key>AmpPreDelay</key>
                <integer>100</integer>
                <key>Headset_dBV</key>
                <integer>-1055916032</integer>
                <key>IOMux</key>
                <integer>0</integer>
                <key>MuteGPIO</key>
                <integer>16777217</integer>
            </dict>
            <key>Inputs</key>
            <array>
                <string>ExtMic</string>
                <string>LineIn</string>
                <string>Mic</string>
            </array>
            <key>IntSpeaker</key>
            <dict>
                <key>AmpPostDelay</key>
                <integer>100</integer>
                <key>AmpPreDelay</key>
                <integer>100</integer>
                <key>MaximumBootBeepValue</key>
                <integer>87</integer>
                <key>MuteGPIO</key>
                <integer>3</integer>
				<key>SignalProcessing</key>
				<dict>
					<key>SoftwareDSP</key>
					<dict>
						<key>DspFunction0</key>
						<dict>
							<key>FunctionInfo</key>
							<dict>
								<key>DspFuncName</key>
								<string>DspEqualization32</string>
								<key>DspFuncInstance</key>
								<integer>0</integer>
								<key>DspFuncProcessingIndex</key>
								<integer>0</integer>
							</dict>
							<key>ParameterInfo</key>
							<dict>
								<key>1</key>
								<integer>0</integer>
								<key>9</key>
								<integer>0</integer>
								<key>Filter</key>
								<array>
									<dict>
										<key>2</key>
										<integer>0</integer>
										<key>3</key>
										<integer>0</integer>
										<key>4</key>
										<integer>0</integer>
										<key>5</key>
										<integer>1</integer>
										<key>6</key>
										<integer>1125177511</integer>
										<key>7</key>
										<integer>1060439283</integer>
										<key>8</key>
										<integer>-1069504319</integer>
									</dict>
									<dict>
										<key>2</key>
										<integer>0</integer>
										<key>3</key>
										<integer>1</integer>
										<key>4</key>
										<integer>0</integer>
										<key>5</key>
										<integer>1</integer>
										<key>6</key>
										<integer>1125888571</integer>
										<key>7</key>
										<integer>1060439283</integer>
										<key>8</key>
										<integer>-1069504319</integer>
									</dict>
									<dict>
										<key>2</key>
										<integer>1</integer>
										<key>3</key>
										<integer>0</integer>
										<key>4</key>
										<integer>0</integer>
										<key>5</key>
										<integer>1</integer>
										<key>6</key>
										<integer>1125177511</integer>
										<key>7</key>
										<integer>1060439283</integer>
										<key>8</key>
										<integer>-1069504319</integer>
									</dict>
									<dict>
										<key>2</key>
										<integer>1</integer>
										<key>3</key>
										<integer>1</integer>
										<key>4</key>
										<integer>0</integer>
										<key>5</key>
										<integer>1</integer>
										<key>6</key>
										<integer>1125888571</integer>
										<key>7</key>
										<integer>1060439283</integer>
										<key>8</key>
										<integer>-1069504319</integer>
									</dict>
								</array>
							</dict>
							<key>PatchbayInfo</key>
							<dict>
							</dict>
						</dict>
						<key>DspFunction1</key>
						<dict>
							<key>FunctionInfo</key>
							<dict>
								<key>DspFuncName</key>
								<string>DspEqualization32</string>
								<key>DspFuncInstance</key>
								<integer>1</integer>
								<key>DspFuncProcessingIndex</key>
								<integer>1</integer>
							</dict>
							<key>ParameterInfo</key>
							<dict>
								<key>1</key>
								<integer>0</integer>
								<key>9</key>
								<integer>0</integer>
								<key>Filter</key>
								<array>
									<dict>
										<key>2</key>
										<integer>0</integer>
										<key>3</key>
										<integer>0</integer>
										<key>4</key>
										<integer>0</integer>
										<key>5</key>
										<integer>1</integer>
										<key>6</key>
										<integer>1122862593</integer>
										<key>7</key>
										<integer>1060439283</integer>
										<key>8</key>
										<integer>-1069504319</integer>
									</dict>
									<dict>
										<key>2</key>
										<integer>0</integer>
										<key>3</key>
										<integer>1</integer>
										<key>4</key>
										<integer>0</integer>
										<key>5</key>
										<integer>1</integer>
										<key>6</key>
										<integer>1122003154</integer>
										<key>7</key>
										<integer>1060439283</integer>
										<key>8</key>
										<integer>-1069504319</integer>
									</dict>
									<dict>
										<key>2</key>
										<integer>0</integer>
										<key>3</key>
										<integer>2</integer>
										<key>4</key>
										<integer>0</integer>
										<key>5</key>
										<integer>4</integer>
										<key>6</key>
										<integer>1137228728</integer>
										<key>7</key>
										<integer>1089942720</integer>
										<key>8</key>
										<integer>-1069580896</integer>
									</dict>
									<dict>
										<key>2</key>
										<integer>0</integer>
										<key>3</key>
										<integer>3</integer>
										<key>4</key>
										<integer>0</integer>
										<key>5</key>
										<integer>4</integer>
										<key>6</key>
										<integer>1143612511</integer>
										<key>7</key>
										<integer>1088571672</integer>
										<key>8</key>
										<integer>-1063995908</integer>
									</dict>
									<dict>
										<key>2</key>
										<integer>0</integer>
										<key>3</key>
										<integer>4</integer>
										<key>4</key>
										<integer>0</integer>
										<key>5</key>
										<integer>4</integer>
										<key>6</key>
										<integer>1140562594</integer>
										<key>7</key>
										<integer>1086362849</integer>
										<key>8</key>
										<integer>-1065842737</integer>
									</dict>
									<dict>
										<key>2</key>
										<integer>0</integer>
										<key>3</key>
										<integer>5</integer>
										<key>4</key>
										<integer>0</integer>
										<key>5</key>
										<integer>4</integer>
										<key>6</key>
										<integer>1145707440</integer>
										<key>7</key>
										<integer>1093423049</integer>
										<key>8</key>
										<integer>-1068512851</integer>
									</dict>
									<dict>
										<key>2</key>
										<integer>0</integer>
										<key>3</key>
										<integer>6</integer>
										<key>4</key>
										<integer>0</integer>
										<key>5</key>
										<integer>4</integer>
										<key>6</key>
										<integer>1157328628</integer>
										<key>7</key>
										<integer>1082940206</integer>
										<key>8</key>
										<integer>-1064262919</integer>
									</dict>
									<dict>
										<key>2</key>
										<integer>0</integer>
										<key>3</key>
										<integer>7</integer>
										<key>4</key>
										<integer>0</integer>
										<key>5</key>
										<integer>4</integer>
										<key>6</key>
										<integer>1149421878</integer>
										<key>7</key>
										<integer>1085682133</integer>
										<key>8</key>
										<integer>-1075032379</integer>
									</dict>
									<dict>
										<key>2</key>
										<integer>0</integer>
										<key>3</key>
										<integer>8</integer>
										<key>4</key>
										<integer>0</integer>
										<key>5</key>
										<integer>4</integer>
										<key>6</key>
										<integer>1127939075</integer>
										<key>7</key>
										<integer>1094014292</integer>
										<key>8</key>
										<integer>-1061592805</integer>
									</dict>
									<dict>
										<key>2</key>
										<integer>0</integer>
										<key>3</key>
										<integer>9</integer>
										<key>4</key>
										<integer>0</integer>
										<key>5</key>
										<integer>4</integer>
										<key>6</key>
										<integer>1134390436</integer>
										<key>7</key>
										<integer>1087082031</integer>
										<key>8</key>
										<integer>-1075032379</integer>
									</dict>
									<dict>
										<key>2</key>
										<integer>0</integer>
										<key>3</key>
										<integer>11</integer>
										<key>4</key>
										<integer>0</integer>
										<key>5</key>
										<integer>4</integer>
										<key>6</key>
										<integer>1155377119</integer>
										<key>7</key>
										<integer>1088947391</integer>
										<key>8</key>
										<integer>-1071716987</integer>
									</dict>
									<dict>
										<key>2</key>
										<integer>0</integer>
										<key>3</key>
										<integer>12</integer>
										<key>4</key>
										<integer>0</integer>
										<key>5</key>
										<integer>4</integer>
										<key>6</key>
										<integer>1158879259</integer>
										<key>7</key>
										<integer>1086870936</integer>
										<key>8</key>
										<integer>-1064262919</integer>
									</dict>
									<dict>
										<key>2</key>
										<integer>0</integer>
										<key>3</key>
										<integer>14</integer>
										<key>4</key>
										<integer>0</integer>
										<key>5</key>
										<integer>4</integer>
										<key>6</key>
										<integer>1166111645</integer>
										<key>7</key>
										<integer>1090817783</integer>
										<key>8</key>
										<integer>-1064796942</integer>
									</dict>
									<dict>
										<key>2</key>
										<integer>0</integer>
										<key>3</key>
										<integer>15</integer>
										<key>4</key>
										<integer>0</integer>
										<key>5</key>
										<integer>4</integer>
										<key>6</key>
										<integer>1167645981</integer>
										<key>7</key>
										<integer>1093560054</integer>
										<key>8</key>
										<integer>-1065842737</integer>
									</dict>
									<dict>
										<key>2</key>
										<integer>0</integer>
										<key>3</key>
										<integer>16</integer>
										<key>4</key>
										<integer>0</integer>
										<key>5</key>
										<integer>4</integer>
										<key>6</key>
										<integer>1171061828</integer>
										<key>7</key>
										<integer>1099911874</integer>
										<key>8</key>
										<integer>0</integer>
									</dict>
									<dict>
										<key>2</key>
										<integer>0</integer>
										<key>3</key>
										<integer>17</integer>
										<key>4</key>
										<integer>0</integer>
										<key>5</key>
										<integer>4</integer>
										<key>6</key>
										<integer>1171218256</integer>
										<key>7</key>
										<integer>1101344426</integer>
										<key>8</key>
										<integer>-1070648942</integer>
									</dict>
									<dict>
										<key>2</key>
										<integer>0</integer>
										<key>3</key>
										<integer>18</integer>
										<key>4</key>
										<integer>0</integer>
										<key>5</key>
										<integer>4</integer>
										<key>6</key>
										<integer>1174135313</integer>
										<key>7</key>
										<integer>1098970833</integer>
										<key>8</key>
										<integer>0</integer>
									</dict>
									<dict>
										<key>2</key>
										<integer>0</integer>
										<key>3</key>
										<integer>19</integer>
										<key>4</key>
										<integer>0</integer>
										<key>5</key>
										<integer>4</integer>
										<key>6</key>
										<integer>1175468034</integer>
										<key>7</key>
										<integer>1100197398</integer>
										<key>8</key>
										<integer>0</integer>
									</dict>
									<dict>
										<key>2</key>
										<integer>0</integer>
										<key>3</key>
										<integer>20</integer>
										<key>4</key>
										<integer>0</integer>
										<key>5</key>
										<integer>4</integer>
										<key>6</key>
										<integer>1176799162</integer>
										<key>7</key>
										<integer>1090415752</integer>
										<key>8</key>
										<integer>0</integer>
									</dict>
									<dict>
										<key>2</key>
										<integer>0</integer>
										<key>3</key>
										<integer>21</integer>
										<key>4</key>
										<integer>0</integer>
										<key>5</key>
										<integer>6</integer>
										<key>6</key>
										<integer>1166693742</integer>
										<key>7</key>
										<integer>1091413851</integer>
										<key>8</key>
										<integer>1067111041</integer>
									</dict>
									<dict>
										<key>2</key>
										<integer>0</integer>
										<key>3</key>
										<integer>23</integer>
										<key>4</key>
										<integer>0</integer>
										<key>5</key>
										<integer>4</integer>
										<key>6</key>
										<integer>1162498176</integer>
										<key>7</key>
										<integer>1092675986</integer>
										<key>8</key>
										<integer>0</integer>
									</dict>
									<dict>
										<key>2</key>
										<integer>0</integer>
										<key>3</key>
										<integer>24</integer>
										<key>4</key>
										<integer>0</integer>
										<key>5</key>
										<integer>4</integer>
										<key>6</key>
										<integer>1161535384</integer>
										<key>7</key>
										<integer>1091829380</integer>
										<key>8</key>
										<integer>0</integer>
									</dict>
									<dict>
										<key>2</key>
										<integer>0</integer>
										<key>3</key>
										<integer>25</integer>
										<key>4</key>
										<integer>0</integer>
										<key>5</key>
										<integer>4</integer>
										<key>6</key>
										<integer>1142215892</integer>
										<key>7</key>
										<integer>1094142399</integer>
										<key>8</key>
										<integer>-1075032379</integer>
									</dict>
									<dict>
										<key>2</key>
										<integer>0</integer>
										<key>3</key>
										<integer>31</integer>
										<key>4</key>
										<integer>0</integer>
										<key>5</key>
										<integer>0</integer>
										<key>6</key>
										<integer>1179478110</integer>
										<key>7</key>
										<integer>1060439283</integer>
										<key>8</key>
										<integer>-1069504319</integer>
									</dict>
									<dict>
										<key>2</key>
										<integer>1</integer>
										<key>3</key>
										<integer>0</integer>
										<key>4</key>
										<integer>0</integer>
										<key>5</key>
										<integer>1</integer>
										<key>6</key>
										<integer>1122862593</integer>
										<key>7</key>
										<integer>1060439283</integer>
										<key>8</key>
										<integer>-1069504319</integer>
									</dict>
									<dict>
										<key>2</key>
										<integer>1</integer>
										<key>3</key>
										<integer>1</integer>
										<key>4</key>
										<integer>0</integer>
										<key>5</key>
										<integer>1</integer>
										<key>6</key>
										<integer>1122003154</integer>
										<key>7</key>
										<integer>1060439283</integer>
										<key>8</key>
										<integer>-1069504319</integer>
									</dict>
									<dict>
										<key>2</key>
										<integer>1</integer>
										<key>3</key>
										<integer>2</integer>
										<key>4</key>
										<integer>0</integer>
										<key>5</key>
										<integer>4</integer>
										<key>6</key>
										<integer>1137228728</integer>
										<key>7</key>
										<integer>1089942720</integer>
										<key>8</key>
										<integer>-1069580896</integer>
									</dict>
									<dict>
										<key>2</key>
										<integer>1</integer>
										<key>3</key>
										<integer>3</integer>
										<key>4</key>
										<integer>0</integer>
										<key>5</key>
										<integer>4</integer>
										<key>6</key>
										<integer>1143612511</integer>
										<key>7</key>
										<integer>1088571672</integer>
										<key>8</key>
										<integer>-1063995908</integer>
									</dict>
									<dict>
										<key>2</key>
										<integer>1</integer>
										<key>3</key>
										<integer>4</integer>
										<key>4</key>
										<integer>0</integer>
										<key>5</key>
										<integer>4</integer>
										<key>6</key>
										<integer>1140562594</integer>
										<key>7</key>
										<integer>1086362849</integer>
										<key>8</key>
										<integer>-1065842737</integer>
									</dict>
									<dict>
										<key>2</key>
										<integer>1</integer>
										<key>3</key>
										<integer>5</integer>
										<key>4</key>
										<integer>0</integer>
										<key>5</key>
										<integer>4</integer>
										<key>6</key>
										<integer>1145707440</integer>
										<key>7</key>
										<integer>1093423049</integer>
										<key>8</key>
										<integer>-1068512851</integer>
									</dict>
									<dict>
										<key>2</key>
										<integer>1</integer>
										<key>3</key>
										<integer>6</integer>
										<key>4</key>
										<integer>0</integer>
										<key>5</key>
										<integer>4</integer>
										<key>6</key>
										<integer>1157328628</integer>
										<key>7</key>
										<integer>1082940206</integer>
										<key>8</key>
										<integer>-1064262919</integer>
									</dict>
									<dict>
										<key>2</key>
										<integer>1</integer>
										<key>3</key>
										<integer>7</integer>
										<key>4</key>
										<integer>0</integer>
										<key>5</key>
										<integer>4</integer>
										<key>6</key>
										<integer>1149421878</integer>
										<key>7</key>
										<integer>1085682133</integer>
										<key>8</key>
										<integer>-1075032379</integer>
									</dict>
									<dict>
										<key>2</key>
										<integer>1</integer>
										<key>3</key>
										<integer>8</integer>
										<key>4</key>
										<integer>0</integer>
										<key>5</key>
										<integer>4</integer>
										<key>6</key>
										<integer>1127939075</integer>
										<key>7</key>
										<integer>1094014292</integer>
										<key>8</key>
										<integer>-1061592805</integer>
									</dict>
									<dict>
										<key>2</key>
										<integer>1</integer>
										<key>3</key>
										<integer>9</integer>
										<key>4</key>
										<integer>0</integer>
										<key>5</key>
										<integer>4</integer>
										<key>6</key>
										<integer>1134390436</integer>
										<key>7</key>
										<integer>1087082031</integer>
										<key>8</key>
										<integer>-1075032379</integer>
									</dict>
									<dict>
										<key>2</key>
										<integer>1</integer>
										<key>3</key>
										<integer>11</integer>
										<key>4</key>
										<integer>0</integer>
										<key>5</key>
										<integer>4</integer>
										<key>6</key>
										<integer>1155377119</integer>
										<key>7</key>
										<integer>1088947391</integer>
										<key>8</key>
										<integer>-1071716987</integer>
									</dict>
									<dict>
										<key>2</key>
										<integer>1</integer>
										<key>3</key>
										<integer>12</integer>
										<key>4</key>
										<integer>0</integer>
										<key>5</key>
										<integer>4</integer>
										<key>6</key>
										<integer>1158879259</integer>
										<key>7</key>
										<integer>1086870936</integer>
										<key>8</key>
										<integer>-1064262919</integer>
									</dict>
									<dict>
										<key>2</key>
										<integer>1</integer>
										<key>3</key>
										<integer>14</integer>
										<key>4</key>
										<integer>0</integer>
										<key>5</key>
										<integer>4</integer>
										<key>6</key>
										<integer>1166111645</integer>
										<key>7</key>
										<integer>1090817783</integer>
										<key>8</key>
										<integer>-1064796942</integer>
									</dict>
									<dict>
										<key>2</key>
										<integer>1</integer>
										<key>3</key>
										<integer>15</integer>
										<key>4</key>
										<integer>0</integer>
										<key>5</key>
										<integer>4</integer>
										<key>6</key>
										<integer>1167645981</integer>
										<key>7</key>
										<integer>1093560054</integer>
										<key>8</key>
										<integer>-1065842737</integer>
									</dict>
									<dict>
										<key>2</key>
										<integer>1</integer>
										<key>3</key>
										<integer>16</integer>
										<key>4</key>
										<integer>0</integer>
										<key>5</key>
										<integer>4</integer>
										<key>6</key>
										<integer>1171061828</integer>
										<key>7</key>
										<integer>1099911874</integer>
										<key>8</key>
										<integer>0</integer>
									</dict>
									<dict>
										<key>2</key>
										<integer>1</integer>
										<key>3</key>
										<integer>17</integer>
										<key>4</key>
										<integer>0</integer>
										<key>5</key>
										<integer>4</integer>
										<key>6</key>
										<integer>1171218256</integer>
										<key>7</key>
										<integer>1101344426</integer>
										<key>8</key>
										<integer>-1070648942</integer>
									</dict>
									<dict>
										<key>2</key>
										<integer>1</integer>
										<key>3</key>
										<integer>18</integer>
										<key>4</key>
										<integer>0</integer>
										<key>5</key>
										<integer>4</integer>
										<key>6</key>
										<integer>1174135313</integer>
										<key>7</key>
										<integer>1098970833</integer>
										<key>8</key>
										<integer>0</integer>
									</dict>
									<dict>
										<key>2</key>
										<integer>1</integer>
										<key>3</key>
										<integer>19</integer>
										<key>4</key>
										<integer>0</integer>
										<key>5</key>
										<integer>4</integer>
										<key>6</key>
										<integer>1175468034</integer>
										<key>7</key>
										<integer>1100197398</integer>
										<key>8</key>
										<integer>0</integer>
									</dict>
									<dict>
										<key>2</key>
										<integer>1</integer>
										<key>3</key>
										<integer>20</integer>
										<key>4</key>
										<integer>0</integer>
										<key>5</key>
										<integer>4</integer>
										<key>6</key>
										<integer>1176799162</integer>
										<key>7</key>
										<integer>1090415752</integer>
										<key>8</key>
										<integer>0</integer>
									</dict>
									<dict>
										<key>2</key>
										<integer>1</integer>
										<key>3</key>
										<integer>21</integer>
										<key>4</key>
										<integer>0</integer>
										<key>5</key>
										<integer>6</integer>
										<key>6</key>
										<integer>1166693742</integer>
										<key>7</key>
										<integer>1091413851</integer>
										<key>8</key>
										<integer>1067111041</integer>
									</dict>
									<dict>
										<key>2</key>
										<integer>1</integer>
										<key>3</key>
										<integer>23</integer>
										<key>4</key>
										<integer>0</integer>
										<key>5</key>
										<integer>4</integer>
										<key>6</key>
										<integer>1162498176</integer>
										<key>7</key>
										<integer>1092675986</integer>
										<key>8</key>
										<integer>0</integer>
									</dict>
									<dict>
										<key>2</key>
										<integer>1</integer>
										<key>3</key>
										<integer>24</integer>
										<key>4</key>
										<integer>0</integer>
										<key>5</key>
										<integer>4</integer>
										<key>6</key>
										<integer>1161535384</integer>
										<key>7</key>
										<integer>1091829380</integer>
										<key>8</key>
										<integer>0</integer>
									</dict>
									<dict>
										<key>2</key>
										<integer>1</integer>
										<key>3</key>
										<integer>25</integer>
										<key>4</key>
										<integer>0</integer>
										<key>5</key>
										<integer>4</integer>
										<key>6</key>
										<integer>1142215892</integer>
										<key>7</key>
										<integer>1094142399</integer>
										<key>8</key>
										<integer>-1075032379</integer>
									</dict>
									<dict>
										<key>2</key>
										<integer>1</integer>
										<key>3</key>
										<integer>31</integer>
										<key>4</key>
										<integer>0</integer>
										<key>5</key>
										<integer>0</integer>
										<key>6</key>
										<integer>1179478110</integer>
										<key>7</key>
										<integer>1060439283</integer>
										<key>8</key>
										<integer>-1069504319</integer>
									</dict>
								</array>
							</dict>
							<key>PatchbayInfo</key>
							<dict>
								<key>InputPort0</key>
								<dict>
									<key>PortInstance</key>
									<integer>0</integer>
									<key>PortWidth</key>
									<integer>1</integer>
									<key>SourceFuncInstance</key>
									<integer>0</integer>
									<key>SourcePortIndex</key>
									<integer>0</integer>
								</dict>
								<key>InputPort1</key>
								<dict>
									<key>PortInstance</key>
									<integer>1</integer>
									<key>PortWidth</key>
									<integer>1</integer>
									<key>SourceFuncInstance</key>
									<integer>0</integer>
									<key>SourcePortIndex</key>
									<integer>1</integer>
								</dict>
							</dict>
						</dict>
						<key>DspFunction2</key>
						<dict>
							<key>FunctionInfo</key>
							<dict>
								<key>DspFuncName</key>
								<string>DspMultiBandCompressor</string>
								<key>DspFuncInstance</key>
								<integer>2</integer>
								<key>DspFuncProcessingIndex</key>
								<integer>2</integer>
							</dict>
							<key>ParameterInfo</key>
							<dict>
								<key>1</key>
								<integer>0</integer>
								<key>2</key>
								<integer>0</integer>
								<key>3</key>
								<integer>1</integer>
								<key>26</key>
								<integer>1142292480</integer>
								<key>27</key>
								<integer>1184645120</integer>
								<key>28</key>
								<integer>1184645120</integer>
								<key>21</key>
								<integer>0</integer>
								<key>29</key>
								<integer>1</integer>
								<key>30</key>
								<integer>0</integer>
								<key>Compressor</key>
								<array>
									<dict>
										<key>4</key>
										<integer>0</integer>
										<key>5</key>
										<integer>0</integer>
										<key>6</key>
										<integer>0</integer>
										<key>7</key>
										<integer>0</integer>
										<key>8</key>
										<integer>1</integer>
										<key>9</key>
										<integer>1091567616</integer>
										<key>10</key>
										<integer>1114636288</integer>
										<key>11</key>
										<integer>0</integer>
										<key>12</key>
										<integer>1065353216</integer>
										<key>13</key>
										<integer>0</integer>
										<key>14</key>
										<integer>0</integer>
										<key>15</key>
										<integer>1069547520</integer>
										<key>16</key>
										<integer>-1055916032</integer>
										<key>17</key>
										<integer>1073741824</integer>
										<key>18</key>
										<integer>1077936128</integer>
										<key>19</key>
										<integer>0</integer>
									</dict>
									<dict>
										<key>4</key>
										<integer>1</integer>
										<key>5</key>
										<integer>0</integer>
										<key>6</key>
										<integer>0</integer>
										<key>7</key>
										<integer>0</integer>
										<key>8</key>
										<integer>1</integer>
										<key>9</key>
										<integer>1091567616</integer>
										<key>10</key>
										<integer>1114636288</integer>
										<key>11</key>
										<integer>0</integer>
										<key>12</key>
										<integer>1065353216</integer>
										<key>13</key>
										<integer>0</integer>
										<key>14</key>
										<integer>0</integer>
										<key>15</key>
										<integer>1069547520</integer>
										<key>16</key>
										<integer>-1055916032</integer>
										<key>17</key>
										<integer>1073741824</integer>
										<key>18</key>
										<integer>1082130432</integer>
										<key>19</key>
										<integer>0</integer>
									</dict>
								</array>
							</dict>
							<key>PatchbayInfo</key>
							<dict>
								<key>InputPort0</key>
								<dict>
									<key>PortInstance</key>
									<integer>0</integer>
									<key>PortWidth</key>
									<integer>1</integer>
									<key>SourceFuncInstance</key>
									<integer>1</integer>
									<key>SourcePortIndex</key>
									<integer>0</integer>
								</dict>
								<key>InputPort1</key>
								<dict>
									<key>PortInstance</key>
									<integer>1</integer>
									<key>PortWidth</key>
									<integer>1</integer>
									<key>SourceFuncInstance</key>
									<integer>1</integer>
									<key>SourcePortIndex</key>
									<integer>1</integer>
								</dict>
							</dict>
						</dict>
						<key>DspFunction3</key>
						<dict>
							<key>FunctionInfo</key>
							<dict>
								<key>DspFuncName</key>
								<string>DspMultiBandCompressor</string>
								<key>DspFuncInstance</key>
								<integer>3</integer>
								<key>DspFuncProcessingIndex</key>
								<integer>3</integer>
							</dict>
							<key>ParameterInfo</key>
							<dict>
								<key>1</key>
								<integer>0</integer>
								<key>2</key>
								<integer>0</integer>
								<key>3</key>
								<integer>1</integer>
								<key>26</key>
								<integer>1142292480</integer>
								<key>27</key>
								<integer>1184645120</integer>
								<key>28</key>
								<integer>1184645120</integer>
								<key>21</key>
								<integer>0</integer>
								<key>29</key>
								<integer>1</integer>
								<key>30</key>
								<integer>0</integer>
								<key>Compressor</key>
								<array>
									<dict>
										<key>4</key>
										<integer>0</integer>
										<key>5</key>
										<integer>0</integer>
										<key>6</key>
										<integer>0</integer>
										<key>7</key>
										<integer>0</integer>
										<key>8</key>
										<integer>1</integer>
										<key>9</key>
										<integer>1090519040</integer>
										<key>10</key>
										<integer>1116471296</integer>
										<key>11</key>
										<integer>-1063256064</integer>
										<key>12</key>
										<integer>1077497508</integer>
										<key>13</key>
										<integer>0</integer>
										<key>14</key>
										<integer>0</integer>
										<key>15</key>
										<integer>1069547520</integer>
										<key>16</key>
										<integer>-1032847360</integer>
										<key>17</key>
										<integer>1065353216</integer>
										<key>18</key>
										<integer>0</integer>
										<key>19</key>
										<integer>0</integer>
									</dict>
									<dict>
										<key>4</key>
										<integer>1</integer>
										<key>5</key>
										<integer>0</integer>
										<key>6</key>
										<integer>0</integer>
										<key>7</key>
										<integer>0</integer>
										<key>8</key>
										<integer>1</integer>
										<key>9</key>
										<integer>1090519040</integer>
										<key>10</key>
										<integer>1116471296</integer>
										<key>11</key>
										<integer>-1063256064</integer>
										<key>12</key>
										<integer>1077497508</integer>
										<key>13</key>
										<integer>0</integer>
										<key>14</key>
										<integer>0</integer>
										<key>15</key>
										<integer>1069547520</integer>
										<key>16</key>
										<integer>-1032847360</integer>
										<key>17</key>
										<integer>1065353216</integer>
										<key>18</key>
										<integer>0</integer>
										<key>19</key>
										<integer>0</integer>
									</dict>
								</array>
							</dict>
							<key>PatchbayInfo</key>
							<dict>
								<key>InputPort0</key>
								<dict>
									<key>PortInstance</key>
									<integer>0</integer>
									<key>PortWidth</key>
									<integer>1</integer>
									<key>SourceFuncInstance</key>
									<integer>2</integer>
									<key>SourcePortIndex</key>
									<integer>0</integer>
								</dict>
								<key>InputPort1</key>
								<dict>
									<key>PortInstance</key>
									<integer>1</integer>
									<key>PortWidth</key>
									<integer>1</integer>
									<key>SourceFuncInstance</key>
									<integer>2</integer>
									<key>SourcePortIndex</key>
									<integer>1</integer>
								</dict>
							</dict>
						</dict>
						<key>DspFunction4</key>
						<dict>
							<key>FunctionInfo</key>
							<dict>
								<key>DspFuncName</key>
								<string>DspLoudness</string>
								<key>DspFuncInstance</key>
								<integer>4</integer>
								<key>DspFuncProcessingIndex</key>
								<integer>4</integer>
							</dict>
							<key>ParameterInfo</key>
							<dict>
								<key>10</key>
								<integer>1143930880</integer>
								<key>2</key>
								<integer>0</integer>
								<key>15</key>
								<integer>-1038191064</integer>
								<key>3</key>
								<integer>0</integer>
								<key>11</key>
								<integer>1152445519</integer>
								<key>16</key>
								<integer>-1053647882</integer>
								<key>4</key>
								<integer>0</integer>
								<key>5</key>
								<integer>0</integer>
								<key>12</key>
								<integer>1053609165</integer>
								<key>17</key>
								<integer>-1052645281</integer>
								<key>13</key>
								<integer>1054280253</integer>
								<key>14</key>
								<integer>-1059061760</integer>
								<key>1</key>
								<integer>0</integer>
							</dict>
							<key>PatchbayInfo</key>
							<dict>
								<key>InputPort0</key>
								<dict>
									<key>PortInstance</key>
									<integer>0</integer>
									<key>PortWidth</key>
									<integer>1</integer>
									<key>SourceFuncInstance</key>
									<integer>3</integer>
									<key>SourcePortIndex</key>
									<integer>0</integer>
								</dict>
								<key>InputPort1</key>
								<dict>
									<key>PortInstance</key>
									<integer>1</integer>
									<key>PortWidth</key>
									<integer>1</integer>
									<key>SourceFuncInstance</key>
									<integer>3</integer>
									<key>SourcePortIndex</key>
									<integer>1</integer>
								</dict>
							</dict>
						</dict>
						<key>DspFunction5</key>
						<dict>
							<key>FunctionInfo</key>
							<dict>
								<key>DspFuncName</key>
								<string>DspCrossover2Dot1</string>
								<key>DspFuncInstance</key>
								<integer>5</integer>
								<key>DspFuncProcessingIndex</key>
								<integer>5</integer>
							</dict>
							<key>ParameterInfo</key>
							<dict>
								<key>7</key>
								<integer>1065353216</integer>
								<key>3</key>
								<integer>1065353216</integer>
								<key>9</key>
								<integer>2</integer>
								<key>5</key>
								<integer>2</integer>
								<key>1</key>
								<integer>0</integer>
								<key>6</key>
								<integer>1172254238</integer>
								<key>10</key>
								<integer>1149861888</integer>
								<key>2</key>
								<integer>0</integer>
							</dict>
							<key>PatchbayInfo</key>
							<dict>
								<key>InputPort0</key>
								<dict>
									<key>PortInstance</key>
									<integer>0</integer>
									<key>PortWidth</key>
									<integer>1</integer>
									<key>SourceFuncInstance</key>
									<integer>4</integer>
									<key>SourcePortIndex</key>
									<integer>0</integer>
								</dict>
								<key>InputPort1</key>
								<dict>
									<key>PortInstance</key>
									<integer>1</integer>
									<key>PortWidth</key>
									<integer>1</integer>
									<key>SourceFuncInstance</key>
									<integer>4</integer>
									<key>SourcePortIndex</key>
									<integer>1</integer>
								</dict>
							</dict>
						</dict>
						<key>DspFunction6</key>
						<dict>
							<key>FunctionInfo</key>
							<dict>
								<key>DspFuncName</key>
								<string>DspEqualization32</string>
								<key>DspFuncInstance</key>
								<integer>6</integer>
								<key>DspFuncProcessingIndex</key>
								<integer>6</integer>
							</dict>
							<key>ParameterInfo</key>
							<dict>
								<key>1</key>
								<integer>0</integer>
								<key>9</key>
								<integer>0</integer>
								<key>Filter</key>
								<array>
									<dict>
										<key>2</key>
										<integer>0</integer>
										<key>3</key>
										<integer>6</integer>
										<key>4</key>
										<integer>0</integer>
										<key>5</key>
										<integer>4</integer>
										<key>6</key>
										<integer>1140576845</integer>
										<key>7</key>
										<integer>1084096516</integer>
										<key>8</key>
										<integer>-1064262919</integer>
									</dict>
									<dict>
										<key>2</key>
										<integer>0</integer>
										<key>3</key>
										<integer>7</integer>
										<key>4</key>
										<integer>0</integer>
										<key>5</key>
										<integer>4</integer>
										<key>6</key>
										<integer>1151661442</integer>
										<key>7</key>
										<integer>1096198800</integer>
										<key>8</key>
										<integer>-1057053611</integer>
									</dict>
									<dict>
										<key>2</key>
										<integer>0</integer>
										<key>3</key>
										<integer>8</integer>
										<key>4</key>
										<integer>0</integer>
										<key>5</key>
										<integer>4</integer>
										<key>6</key>
										<integer>1159214436</integer>
										<key>7</key>
										<integer>1094268504</integer>
										<key>8</key>
										<integer>-1059456714</integer>
									</dict>
									<dict>
										<key>2</key>
										<integer>0</integer>
										<key>3</key>
										<integer>9</integer>
										<key>4</key>
										<integer>0</integer>
										<key>5</key>
										<integer>4</integer>
										<key>6</key>
										<integer>1154011606</integer>
										<key>7</key>
										<integer>1091567617</integer>
										<key>8</key>
										<integer>-1056608593</integer>
									</dict>
									<dict>
										<key>2</key>
										<integer>0</integer>
										<key>3</key>
										<integer>10</integer>
										<key>4</key>
										<integer>0</integer>
										<key>5</key>
										<integer>4</integer>
										<key>6</key>
										<integer>1150575890</integer>
										<key>7</key>
										<integer>1099631163</integer>
										<key>8</key>
										<integer>-1054338996</integer>
									</dict>
									<dict>
										<key>2</key>
										<integer>0</integer>
										<key>3</key>
										<integer>11</integer>
										<key>4</key>
										<integer>0</integer>
										<key>5</key>
										<integer>4</integer>
										<key>6</key>
										<integer>1142892331</integer>
										<key>7</key>
										<integer>1082846849</integer>
										<key>8</key>
										<integer>-1054606007</integer>
									</dict>
									<dict>
										<key>2</key>
										<integer>0</integer>
										<key>3</key>
										<integer>12</integer>
										<key>4</key>
										<integer>0</integer>
										<key>5</key>
										<integer>4</integer>
										<key>6</key>
										<integer>1152375622</integer>
										<key>7</key>
										<integer>1089366459</integer>
										<key>8</key>
										<integer>-1067978828</integer>
									</dict>
									<dict>
										<key>2</key>
										<integer>0</integer>
										<key>3</key>
										<integer>13</integer>
										<key>4</key>
										<integer>0</integer>
										<key>5</key>
										<integer>4</integer>
										<key>6</key>
										<integer>1161535384</integer>
										<key>7</key>
										<integer>1094578106</integer>
										<key>8</key>
										<integer>-1063194874</integer>
									</dict>
									<dict>
										<key>2</key>
										<integer>0</integer>
										<key>3</key>
										<integer>14</integer>
										<key>4</key>
										<integer>0</integer>
										<key>5</key>
										<integer>4</integer>
										<key>6</key>
										<integer>1165977685</integer>
										<key>7</key>
										<integer>1102521492</integer>
										<key>8</key>
										<integer>-1047986350</integer>
									</dict>
									<dict>
										<key>2</key>
										<integer>0</integer>
										<key>3</key>
										<integer>15</integer>
										<key>4</key>
										<integer>0</integer>
										<key>5</key>
										<integer>4</integer>
										<key>6</key>
										<integer>1164045328</integer>
										<key>7</key>
										<integer>1099808766</integer>
										<key>8</key>
										<integer>-1048386867</integer>
									</dict>
									<dict>
										<key>2</key>
										<integer>0</integer>
										<key>3</key>
										<integer>19</integer>
										<key>4</key>
										<integer>0</integer>
										<key>5</key>
										<integer>4</integer>
										<key>6</key>
										<integer>1169675779</integer>
										<key>7</key>
										<integer>1091157860</integer>
										<key>8</key>
										<integer>-1062126828</integer>
									</dict>
									<dict>
										<key>2</key>
										<integer>0</integer>
										<key>3</key>
										<integer>22</integer>
										<key>4</key>
										<integer>0</integer>
										<key>5</key>
										<integer>4</integer>
										<key>6</key>
										<integer>1170336560</integer>
										<key>7</key>
										<integer>1094268307</integer>
										<key>8</key>
										<integer>-1063194874</integer>
									</dict>
									<dict>
										<key>2</key>
										<integer>1</integer>
										<key>3</key>
										<integer>6</integer>
										<key>4</key>
										<integer>0</integer>
										<key>5</key>
										<integer>4</integer>
										<key>6</key>
										<integer>1140576845</integer>
										<key>7</key>
										<integer>1084096516</integer>
										<key>8</key>
										<integer>-1064262919</integer>
									</dict>
									<dict>
										<key>2</key>
										<integer>1</integer>
										<key>3</key>
										<integer>7</integer>
										<key>4</key>
										<integer>0</integer>
										<key>5</key>
										<integer>4</integer>
										<key>6</key>
										<integer>1151661442</integer>
										<key>7</key>
										<integer>1096198800</integer>
										<key>8</key>
										<integer>-1057053611</integer>
									</dict>
									<dict>
										<key>2</key>
										<integer>1</integer>
										<key>3</key>
										<integer>8</integer>
										<key>4</key>
										<integer>0</integer>
										<key>5</key>
										<integer>4</integer>
										<key>6</key>
										<integer>1159214436</integer>
										<key>7</key>
										<integer>1094268504</integer>
										<key>8</key>
										<integer>-1059456714</integer>
									</dict>
									<dict>
										<key>2</key>
										<integer>1</integer>
										<key>3</key>
										<integer>9</integer>
										<key>4</key>
										<integer>0</integer>
										<key>5</key>
										<integer>4</integer>
										<key>6</key>
										<integer>1154011606</integer>
										<key>7</key>
										<integer>1091567617</integer>
										<key>8</key>
										<integer>-1056608593</integer>
									</dict>
									<dict>
										<key>2</key>
										<integer>1</integer>
										<key>3</key>
										<integer>10</integer>
										<key>4</key>
										<integer>0</integer>
										<key>5</key>
										<integer>4</integer>
										<key>6</key>
										<integer>1150575890</integer>
										<key>7</key>
										<integer>1099631163</integer>
										<key>8</key>
										<integer>-1054338996</integer>
									</dict>
									<dict>
										<key>2</key>
										<integer>1</integer>
										<key>3</key>
										<integer>11</integer>
										<key>4</key>
										<integer>0</integer>
										<key>5</key>
										<integer>4</integer>
										<key>6</key>
										<integer>1142892331</integer>
										<key>7</key>
										<integer>1082846849</integer>
										<key>8</key>
										<integer>-1054606007</integer>
									</dict>
									<dict>
										<key>2</key>
										<integer>1</integer>
										<key>3</key>
										<integer>12</integer>
										<key>4</key>
										<integer>0</integer>
										<key>5</key>
										<integer>4</integer>
										<key>6</key>
										<integer>1152375622</integer>
										<key>7</key>
										<integer>1089366459</integer>
										<key>8</key>
										<integer>-1067978828</integer>
									</dict>
									<dict>
										<key>2</key>
										<integer>1</integer>
										<key>3</key>
										<integer>13</integer>
										<key>4</key>
										<integer>0</integer>
										<key>5</key>
										<integer>4</integer>
										<key>6</key>
										<integer>1161535384</integer>
										<key>7</key>
										<integer>1094578106</integer>
										<key>8</key>
										<integer>-1063194874</integer>
									</dict>
									<dict>
										<key>2</key>
										<integer>1</integer>
										<key>3</key>
										<integer>14</integer>
										<key>4</key>
										<integer>0</integer>
										<key>5</key>
										<integer>4</integer>
										<key>6</key>
										<integer>1165977685</integer>
										<key>7</key>
										<integer>1102521492</integer>
										<key>8</key>
										<integer>-1047986350</integer>
									</dict>
									<dict>
										<key>2</key>
										<integer>1</integer>
										<key>3</key>
										<integer>15</integer>
										<key>4</key>
										<integer>0</integer>
										<key>5</key>
										<integer>4</integer>
										<key>6</key>
										<integer>1164045328</integer>
										<key>7</key>
										<integer>1099808766</integer>
										<key>8</key>
										<integer>-1048386867</integer>
									</dict>
									<dict>
										<key>2</key>
										<integer>1</integer>
										<key>3</key>
										<integer>19</integer>
										<key>4</key>
										<integer>0</integer>
										<key>5</key>
										<integer>4</integer>
										<key>6</key>
										<integer>1169675779</integer>
										<key>7</key>
										<integer>1091157860</integer>
										<key>8</key>
										<integer>-1062126828</integer>
									</dict>
									<dict>
										<key>2</key>
										<integer>1</integer>
										<key>3</key>
										<integer>22</integer>
										<key>4</key>
										<integer>0</integer>
										<key>5</key>
										<integer>4</integer>
										<key>6</key>
										<integer>1170336560</integer>
										<key>7</key>
										<integer>1094268307</integer>
										<key>8</key>
										<integer>-1063194874</integer>
									</dict>
								</array>
							</dict>
							<key>PatchbayInfo</key>
							<dict>
								<key>InputPort0</key>
								<dict>
									<key>PortInstance</key>
									<integer>0</integer>
									<key>PortWidth</key>
									<integer>1</integer>
									<key>SourceFuncInstance</key>
									<integer>5</integer>
									<key>SourcePortIndex</key>
									<integer>2</integer>
								</dict>
								<key>InputPort1</key>
								<dict>
									<key>PortInstance</key>
									<integer>1</integer>
									<key>PortWidth</key>
									<integer>1</integer>
									<key>SourceFuncInstance</key>
									<integer>5</integer>
									<key>SourcePortIndex</key>
									<integer>3</integer>
								</dict>
							</dict>
						</dict>
						<key>DspFunction7</key>
						<dict>
							<key>FunctionInfo</key>
							<dict>
								<key>DspFuncName</key>
								<string>DspEqualization32</string>
								<key>DspFuncInstance</key>
								<integer>7</integer>
								<key>DspFuncProcessingIndex</key>
								<integer>7</integer>
							</dict>
							<key>ParameterInfo</key>
							<dict>
								<key>1</key>
								<integer>0</integer>
								<key>9</key>
								<integer>0</integer>
								<key>Filter</key>
								<array>
									<dict>
										<key>2</key>
										<integer>0</integer>
										<key>3</key>
										<integer>6</integer>
										<key>4</key>
										<integer>0</integer>
										<key>5</key>
										<integer>4</integer>
										<key>6</key>
										<integer>1149940623</integer>
										<key>7</key>
										<integer>1075773504</integer>
										<key>8</key>
										<integer>-1052870433</integer>
									</dict>
									<dict>
										<key>2</key>
										<integer>0</integer>
										<key>3</key>
										<integer>12</integer>
										<key>4</key>
										<integer>0</integer>
										<key>5</key>
										<integer>4</integer>
										<key>6</key>
										<integer>1161915630</integer>
										<key>7</key>
										<integer>1086722390</integer>
										<key>8</key>
										<integer>-1065330965</integer>
									</dict>
									<dict>
										<key>2</key>
										<integer>0</integer>
										<key>3</key>
										<integer>19</integer>
										<key>4</key>
										<integer>0</integer>
										<key>5</key>
										<integer>4</integer>
										<key>6</key>
										<integer>1165979777</integer>
										<key>7</key>
										<integer>1082429973</integer>
										<key>8</key>
										<integer>-1055674053</integer>
									</dict>
									<dict>
										<key>2</key>
										<integer>0</integer>
										<key>3</key>
										<integer>20</integer>
										<key>4</key>
										<integer>0</integer>
										<key>5</key>
										<integer>4</integer>
										<key>6</key>
										<integer>1167614281</integer>
										<key>7</key>
										<integer>1080819671</integer>
										<key>8</key>
										<integer>-1056341581</integer>
									</dict>
									<dict>
										<key>2</key>
										<integer>0</integer>
										<key>3</key>
										<integer>23</integer>
										<key>4</key>
										<integer>0</integer>
										<key>5</key>
										<integer>4</integer>
										<key>6</key>
										<integer>1179478110</integer>
										<key>7</key>
										<integer>1091223935</integer>
										<key>8</key>
										<integer>-1052469916</integer>
									</dict>
									<dict>
										<key>2</key>
										<integer>0</integer>
										<key>3</key>
										<integer>31</integer>
										<key>4</key>
										<integer>0</integer>
										<key>5</key>
										<integer>0</integer>
										<key>6</key>
										<integer>1179144581</integer>
										<key>7</key>
										<integer>1060439283</integer>
										<key>8</key>
										<integer>-1069504319</integer>
									</dict>
									<dict>
										<key>2</key>
										<integer>1</integer>
										<key>3</key>
										<integer>6</integer>
										<key>4</key>
										<integer>0</integer>
										<key>5</key>
										<integer>4</integer>
										<key>6</key>
										<integer>1154511911</integer>
										<key>7</key>
										<integer>1081013821</integer>
										<key>8</key>
										<integer>-1073319056</integer>
									</dict>
									<dict>
										<key>2</key>
										<integer>1</integer>
										<key>3</key>
										<integer>14</integer>
										<key>4</key>
										<integer>0</integer>
										<key>5</key>
										<integer>4</integer>
										<key>6</key>
										<integer>1165090699</integer>
										<key>7</key>
										<integer>1089973661</integer>
										<key>8</key>
										<integer>-1062660851</integer>
									</dict>
									<dict>
										<key>2</key>
										<integer>1</integer>
										<key>3</key>
										<integer>15</integer>
										<key>4</key>
										<integer>0</integer>
										<key>5</key>
										<integer>4</integer>
										<key>6</key>
										<integer>1171776277</integer>
										<key>7</key>
										<integer>1096618366</integer>
										<key>8</key>
										<integer>-1069580896</integer>
									</dict>
									<dict>
										<key>2</key>
										<integer>1</integer>
										<key>3</key>
										<integer>19</integer>
										<key>4</key>
										<integer>0</integer>
										<key>5</key>
										<integer>4</integer>
										<key>6</key>
										<integer>1167869762</integer>
										<key>7</key>
										<integer>1095561823</integer>
										<key>8</key>
										<integer>-1063728896</integer>
									</dict>
									<dict>
										<key>2</key>
										<integer>1</integer>
										<key>3</key>
										<integer>20</integer>
										<key>4</key>
										<integer>0</integer>
										<key>5</key>
										<integer>4</integer>
										<key>6</key>
										<integer>1170449152</integer>
										<key>7</key>
										<integer>1091321360</integer>
										<key>8</key>
										<integer>-1060791771</integer>
									</dict>
									<dict>
										<key>2</key>
										<integer>1</integer>
										<key>3</key>
										<integer>31</integer>
										<key>4</key>
										<integer>0</integer>
										<key>5</key>
										<integer>0</integer>
										<key>6</key>
										<integer>1179241472</integer>
										<key>7</key>
										<integer>1060439283</integer>
										<key>8</key>
										<integer>-1069504319</integer>
									</dict>
								</array>
							</dict>
							<key>PatchbayInfo</key>
							<dict>
								<key>InputPort0</key>
								<dict>
									<key>PortInstance</key>
									<integer>0</integer>
									<key>PortWidth</key>
									<integer>1</integer>
									<key>SourceFuncInstance</key>
									<integer>5</integer>
									<key>SourcePortIndex</key>
									<integer>0</integer>
								</dict>
								<key>InputPort1</key>
								<dict>
									<key>PortInstance</key>
									<integer>1</integer>
									<key>PortWidth</key>
									<integer>1</integer>
									<key>SourceFuncInstance</key>
									<integer>5</integer>
									<key>SourcePortIndex</key>
									<integer>1</integer>
								</dict>
							</dict>
						</dict>
						<key>DspFunction8</key>
						<dict>
							<key>FunctionInfo</key>
							<dict>
								<key>DspFuncName</key>
								<string>DspGainStage</string>
								<key>DspFuncInstance</key>
								<integer>8</integer>
								<key>DspFuncProcessingIndex</key>
								<integer>8</integer>
							</dict>
							<key>ParameterInfo</key>
							<dict>
								<key>3</key>
								<integer>1067525240</integer>
								<key>1</key>
								<integer>0</integer>
								<key>2</key>
								<integer>1067525240</integer>
							</dict>
							<key>PatchbayInfo</key>
							<dict>
								<key>InputPort0</key>
								<dict>
									<key>PortInstance</key>
									<integer>0</integer>
									<key>PortWidth</key>
									<integer>1</integer>
									<key>SourceFuncInstance</key>
									<integer>7</integer>
									<key>SourcePortIndex</key>
									<integer>0</integer>
								</dict>
								<key>InputPort1</key>
								<dict>
									<key>PortInstance</key>
									<integer>1</integer>
									<key>PortWidth</key>
									<integer>1</integer>
									<key>SourceFuncInstance</key>
									<integer>7</integer>
									<key>SourcePortIndex</key>
									<integer>1</integer>
								</dict>
							</dict>
						</dict>
						<key>DspFunction9</key>
						<dict>
							<key>FunctionInfo</key>
							<dict>
								<key>DspFuncName</key>
								<string>DspGainStage</string>
								<key>DspFuncInstance</key>
								<integer>9</integer>
								<key>DspFuncProcessingIndex</key>
								<integer>9</integer>
							</dict>
							<key>ParameterInfo</key>
							<dict>
								<key>3</key>
								<integer>1067525240</integer>
								<key>1</key>
								<integer>0</integer>
								<key>2</key>
								<integer>1067525240</integer>
							</dict>
							<key>PatchbayInfo</key>
							<dict>
								<key>InputPort0</key>
								<dict>
									<key>PortInstance</key>
									<integer>0</integer>
									<key>PortWidth</key>
									<integer>1</integer>
									<key>SourceFuncInstance</key>
									<integer>6</integer>
									<key>SourcePortIndex</key>
									<integer>0</integer>
								</dict>
								<key>InputPort1</key>
								<dict>
									<key>PortInstance</key>
									<integer>1</integer>
									<key>PortWidth</key>
									<integer>1</integer>
									<key>SourceFuncInstance</key>
									<integer>6</integer>
									<key>SourcePortIndex</key>
									<integer>1</integer>
								</dict>
							</dict>
						</dict>
						<key>DspFunction10</key>
						<dict>
							<key>FunctionInfo</key>
							<dict>
								<key>DspFuncName</key>
								<string>DspSplineLimiter</string>
								<key>DspFuncInstance</key>
								<integer>10</integer>
								<key>DspFuncProcessingIndex</key>
								<integer>10</integer>
							</dict>
							<key>ParameterInfo</key>
							<dict>
								<key>7</key>
								<integer>953267991</integer>
								<key>3</key>
								<integer>976715828</integer>
								<key>4</key>
								<integer>1035489772</integer>
								<key>5</key>
								<integer>0</integer>
								<key>1</key>
								<integer>0</integer>
								<key>6</key>
								<integer>1092616192</integer>
								<key>2</key>
								<integer>0</integer>
							</dict>
							<key>PatchbayInfo</key>
							<dict>
								<key>InputPort0</key>
								<dict>
									<key>PortInstance</key>
									<integer>0</integer>
									<key>PortWidth</key>
									<integer>1</integer>
									<key>SourceFuncInstance</key>
									<integer>8</integer>
									<key>SourcePortIndex</key>
									<integer>0</integer>
								</dict>
								<key>InputPort1</key>
								<dict>
									<key>PortInstance</key>
									<integer>1</integer>
									<key>PortWidth</key>
									<integer>1</integer>
									<key>SourceFuncInstance</key>
									<integer>8</integer>
									<key>SourcePortIndex</key>
									<integer>1</integer>
								</dict>
							</dict>
						</dict>
						<key>DspFunction11</key>
						<dict>
							<key>FunctionInfo</key>
							<dict>
								<key>DspFuncName</key>
								<string>DspSplineLimiter</string>
								<key>DspFuncInstance</key>
								<integer>11</integer>
								<key>DspFuncProcessingIndex</key>
								<integer>11</integer>
							</dict>
							<key>ParameterInfo</key>
							<dict>
								<key>7</key>
								<integer>953267991</integer>
								<key>3</key>
								<integer>976715828</integer>
								<key>4</key>
								<integer>1035489772</integer>
								<key>5</key>
								<integer>0</integer>
								<key>1</key>
								<integer>0</integer>
								<key>6</key>
								<integer>1092616192</integer>
								<key>2</key>
								<integer>0</integer>
							</dict>
							<key>PatchbayInfo</key>
							<dict>
								<key>InputPort0</key>
								<dict>
									<key>PortInstance</key>
									<integer>0</integer>
									<key>PortWidth</key>
									<integer>1</integer>
									<key>SourceFuncInstance</key>
									<integer>9</integer>
									<key>SourcePortIndex</key>
									<integer>0</integer>
								</dict>
								<key>InputPort1</key>
								<dict>
									<key>PortInstance</key>
									<integer>1</integer>
									<key>PortWidth</key>
									<integer>1</integer>
									<key>SourceFuncInstance</key>
									<integer>9</integer>
									<key>SourcePortIndex</key>
									<integer>1</integer>
								</dict>
							</dict>
						</dict>
						<key>DspFunction12</key>
						<dict>
							<key>FunctionInfo</key>
							<dict>
								<key>DspFuncName</key>
								<string>Dsp3ChOutput</string>
								<key>DspFuncInstance</key>
								<integer>12</integer>
								<key>DspFuncProcessingIndex</key>
								<integer>12</integer>
							</dict>
							<key>ParameterInfo</key>
							<dict>
								<key>10</key>
								<integer>0</integer>
								<key>2</key>
								<integer>0</integer>
								<key>15</key>
								<integer>0</integer>
								<key>3</key>
								<integer>0</integer>
								<key>11</key>
								<integer>0</integer>
								<key>16</key>
								<integer>0</integer>
								<key>4</key>
								<integer>0</integer>
								<key>12</key>
								<integer>0</integer>
								<key>6</key>
								<integer>0</integer>
								<key>7</key>
								<integer>0</integer>
								<key>8</key>
								<integer>0</integer>
								<key>14</key>
								<integer>0</integer>
								<key>1</key>
								<integer>0</integer>
							</dict>
							<key>PatchbayInfo</key>
							<dict>
								<key>InputPort0</key>
								<dict>
									<key>PortInstance</key>
									<integer>0</integer>
									<key>PortWidth</key>
									<integer>1</integer>
									<key>SourceFuncInstance</key>
									<integer>10</integer>
									<key>SourcePortIndex</key>
									<integer>0</integer>
								</dict>
								<key>InputPort1</key>
								<dict>
									<key>PortInstance</key>
									<integer>1</integer>
									<key>PortWidth</key>
									<integer>1</integer>
									<key>SourceFuncInstance</key>
									<integer>10</integer>
									<key>SourcePortIndex</key>
									<integer>1</integer>
								</dict>
								<key>InputPort2</key>
								<dict>
									<key>PortInstance</key>
									<integer>2</integer>
									<key>PortWidth</key>
									<integer>1</integer>
									<key>SourceFuncInstance</key>
									<integer>11</integer>
									<key>SourcePortIndex</key>
									<integer>0</integer>
								</dict>
								<key>InputPort3</key>
								<dict>
									<key>PortInstance</key>
									<integer>3</integer>
									<key>PortWidth</key>
									<integer>1</integer>
									<key>SourceFuncInstance</key>
									<integer>11</integer>
									<key>SourcePortIndex</key>
									<integer>1</integer>
								</dict>
							</dict>
						</dict>
					</dict>
				</dict>
            </dict>
            <key>LineIn</key>
            <dict/>
            <key>Mic</key>
            <dict>
                <key>MuteGPIO</key>
                <integer>1342242829</integer>
				<!-- Created with DGB version: 1.9.5 by Mike Mckenna On: 06/14/2012 04:26PM -->
				<!-- <rdar://11625547,11625543,11625531,11612295> -->
				<key>SignalProcessing</key>
				<dict>
					<key>SoftwareDSP</key>
					<dict>
						<key>DspFunction0</key>
						<dict>
							<key>FunctionInfo</key>
							<dict>
								<key>DspFuncName</key>
								<string>DspGainStage</string>
								<key>DspFuncInstance</key>
								<integer>0</integer>
								<key>DspFuncProcessingIndex</key>
								<integer>0</integer>
							</dict>
							<key>ParameterInfo</key>
							<dict>
								<key>1</key>
								<integer>0</integer>
								<key>2</key>
								<integer>1078616770</integer>
								<key>3</key>
								<integer>1078616770</integer>
							</dict>
							<key>PatchbayInfo</key>
							<dict>
							</dict>
						</dict>
						<key>DspFunction1</key>
						<dict>
							<key>FunctionInfo</key>
							<dict>
								<key>DspFuncName</key>
								<string>DspNoiseReduction</string>
								<key>DspFuncInstance</key>
								<integer>1</integer>
								<key>DspFuncProcessingIndex</key>
								<integer>1</integer>
							</dict>
							<key>ParameterInfo</key>
							<dict>
								<key>3</key>
								<integer>0</integer>
								<key>1</key>
								<integer>0</integer>
								<key>4</key>
								<integer>-1077065615</integer>
								<key>2</key>
								<integer>1</integer>
								<key>5</key>
								<data>UvaAwuqcX8JkT2TCCqeBwgZAjsJcypbC
									  H0qcwh47n8KhV6HCkF+jwpe0pMLzrqXC
									  Rg2mwmStpcJeeKXCihGnwm5HqMJAsajC
									  ALGowsZXqcI4DqrCqumpwro+qsKG46rC
									  oIurwpYErML78avCiLCrwmz7q8IoSazC
									  +hOswl5ErMLyM6zC+BKswrjjrMJEzq3C
									  RhOuwppursKArq7CYiyvwpqar8LK8a/C
									  Pgqwwraur8I+uK/CThmwwoxusML2sbDC
									  rtOwwvYyscLgVLHCXjOxwkDcsMKo37DC
									  loyxwqAWssIasLHCVv+wwhJ/scLaKbPC
									  GOyzwvLws8J+tbPCspazwojEs8I4hbTC
									  XO20wkLKtMIMUrTCjiW0wmbfs8Iuk7PC
									  GFCzwpSSs8KAQbTCiP+0woBXtcIgoLXC
									  RPi0wr5htMKKabTCPFG1wpxxtsLiBLfC
									  1jS3wpYEt8Jg+bbC1nS3wtq1t8Jc4LfC
									  MBa4wuqPuML82LjC3LS4wnjUuMI2MLnC
									  eIy5woLIucIMPrrC3EK6woSBusI8trrC
									  YvG6wr46u8JQBrvCZsK7wtDOvMJck73C
									  ugW+wqAnv8IepcDC1DvCwhy4w8LCi8XC
									  sIbHwpjIycJIbMzCGOjOwnwCzsKOCc7C
									  strVwrCu3sKoaeXCajbswgao88L2tfzC
									  SbwDwzR9CMPf+xDD
								</data>
							</dict>
							<key>PatchbayInfo</key>
							<dict>
								<key>InputPort0</key>
								<dict>
									<key>PortInstance</key>
									<integer>0</integer>
									<key>PortWidth</key>
									<integer>1</integer>
									<key>SourceFuncInstance</key>
									<integer>0</integer>
									<key>SourcePortIndex</key>
									<integer>0</integer>
								</dict>
								<key>InputPort1</key>
								<dict>
									<key>PortInstance</key>
									<integer>1</integer>
									<key>PortWidth</key>
									<integer>1</integer>
									<key>SourceFuncInstance</key>
									<integer>0</integer>
									<key>SourcePortIndex</key>
									<integer>1</integer>
								</dict>
							</dict>
						</dict>
						<key>DspFunction2</key>
						<dict>
							<key>FunctionInfo</key>
							<dict>
								<key>DspFuncName</key>
								<string>DspEqualization32</string>
								<key>DspFuncInstance</key>
								<integer>2</integer>
								<key>DspFuncProcessingIndex</key>
								<integer>2</integer>
							</dict>
							<key>ParameterInfo</key>
							<dict>
								<key>1</key>
								<integer>0</integer>
								<key>9</key>
								<integer>0</integer>
								<key>Filter</key>
								<array>
									<dict>
										<key>2</key>
										<integer>0</integer>
										<key>3</key>
										<integer>0</integer>
										<key>4</key>
										<integer>0</integer>
										<key>5</key>
										<integer>1</integer>
										<key>6</key>
										<integer>1120445874</integer>
										<key>7</key>
										<integer>1060439283</integer>
										<key>8</key>
										<integer>1099519471</integer>
									</dict>
									<dict>
										<key>2</key>
										<integer>0</integer>
										<key>3</key>
										<integer>4</integer>
										<key>4</key>
										<integer>0</integer>
										<key>5</key>
										<integer>4</integer>
										<key>6</key>
										<integer>1142313553</integer>
										<key>7</key>
										<integer>1078818285</integer>
										<key>8</key>
										<integer>-1073964333</integer>
									</dict>
									<dict>
										<key>2</key>
										<integer>0</integer>
										<key>3</key>
										<integer>5</integer>
										<key>4</key>
										<integer>0</integer>
										<key>5</key>
										<integer>4</integer>
										<key>6</key>
										<integer>1140562836</integer>
										<key>7</key>
										<integer>1079319354</integer>
										<key>8</key>
										<integer>-1072785033</integer>
									</dict>
									<dict>
										<key>2</key>
										<integer>0</integer>
										<key>3</key>
										<integer>6</integer>
										<key>4</key>
										<integer>0</integer>
										<key>5</key>
										<integer>4</integer>
										<key>6</key>
										<integer>1148888887</integer>
										<key>7</key>
										<integer>1084967967</integer>
										<key>8</key>
										<integer>-1075032379</integer>
									</dict>
									<dict>
										<key>2</key>
										<integer>0</integer>
										<key>3</key>
										<integer>7</integer>
										<key>4</key>
										<integer>0</integer>
										<key>5</key>
										<integer>4</integer>
										<key>6</key>
										<integer>1150938452</integer>
										<key>7</key>
										<integer>1083800427</integer>
										<key>8</key>
										<integer>-1075032379</integer>
									</dict>
									<dict>
										<key>2</key>
										<integer>0</integer>
										<key>3</key>
										<integer>8</integer>
										<key>4</key>
										<integer>0</integer>
										<key>5</key>
										<integer>4</integer>
										<key>6</key>
										<integer>1154815124</integer>
										<key>7</key>
										<integer>1086193170</integer>
										<key>8</key>
										<integer>-1080372607</integer>
									</dict>
									<dict>
										<key>2</key>
										<integer>0</integer>
										<key>3</key>
										<integer>10</integer>
										<key>4</key>
										<integer>0</integer>
										<key>5</key>
										<integer>4</integer>
										<key>6</key>
										<integer>1158409013</integer>
										<key>7</key>
										<integer>1087451716</integer>
										<key>8</key>
										<integer>-1076100424</integer>
									</dict>
									<dict>
										<key>2</key>
										<integer>0</integer>
										<key>3</key>
										<integer>11</integer>
										<key>4</key>
										<integer>0</integer>
										<key>5</key>
										<integer>4</integer>
										<key>6</key>
										<integer>1163363760</integer>
										<key>7</key>
										<integer>1068050373</integer>
										<key>8</key>
										<integer>1076834706</integer>
									</dict>
									<dict>
										<key>2</key>
										<integer>0</integer>
										<key>3</key>
										<integer>12</integer>
										<key>4</key>
										<integer>0</integer>
										<key>5</key>
										<integer>4</integer>
										<key>6</key>
										<integer>1172012401</integer>
										<key>7</key>
										<integer>1084883900</integer>
										<key>8</key>
										<integer>-1089295238</integer>
									</dict>
									<dict>
										<key>2</key>
										<integer>0</integer>
										<key>3</key>
										<integer>30</integer>
										<key>4</key>
										<integer>0</integer>
										<key>5</key>
										<integer>0</integer>
										<key>6</key>
										<integer>1179127613</integer>
										<key>7</key>
										<integer>1060439283</integer>
										<key>8</key>
										<integer>-1069504319</integer>
									</dict>
									<dict>
										<key>2</key>
										<integer>1</integer>
										<key>3</key>
										<integer>0</integer>
										<key>4</key>
										<integer>0</integer>
										<key>5</key>
										<integer>1</integer>
										<key>6</key>
										<integer>1120445874</integer>
										<key>7</key>
										<integer>1060439283</integer>
										<key>8</key>
										<integer>1099519471</integer>
									</dict>
									<dict>
										<key>2</key>
										<integer>1</integer>
										<key>3</key>
										<integer>4</integer>
										<key>4</key>
										<integer>0</integer>
										<key>5</key>
										<integer>4</integer>
										<key>6</key>
										<integer>1142313553</integer>
										<key>7</key>
										<integer>1078818285</integer>
										<key>8</key>
										<integer>-1073964333</integer>
									</dict>
									<dict>
										<key>2</key>
										<integer>1</integer>
										<key>3</key>
										<integer>5</integer>
										<key>4</key>
										<integer>0</integer>
										<key>5</key>
										<integer>4</integer>
										<key>6</key>
										<integer>1140562836</integer>
										<key>7</key>
										<integer>1079319354</integer>
										<key>8</key>
										<integer>-1072785033</integer>
									</dict>
									<dict>
										<key>2</key>
										<integer>1</integer>
										<key>3</key>
										<integer>6</integer>
										<key>4</key>
										<integer>0</integer>
										<key>5</key>
										<integer>4</integer>
										<key>6</key>
										<integer>1148888887</integer>
										<key>7</key>
										<integer>1084967967</integer>
										<key>8</key>
										<integer>-1075032379</integer>
									</dict>
									<dict>
										<key>2</key>
										<integer>1</integer>
										<key>3</key>
										<integer>7</integer>
										<key>4</key>
										<integer>0</integer>
										<key>5</key>
										<integer>4</integer>
										<key>6</key>
										<integer>1150938452</integer>
										<key>7</key>
										<integer>1083800427</integer>
										<key>8</key>
										<integer>-1075032379</integer>
									</dict>
									<dict>
										<key>2</key>
										<integer>1</integer>
										<key>3</key>
										<integer>8</integer>
										<key>4</key>
										<integer>0</integer>
										<key>5</key>
										<integer>4</integer>
										<key>6</key>
										<integer>1154815124</integer>
										<key>7</key>
										<integer>1086193170</integer>
										<key>8</key>
										<integer>-1080372607</integer>
									</dict>
									<dict>
										<key>2</key>
										<integer>1</integer>
										<key>3</key>
										<integer>10</integer>
										<key>4</key>
										<integer>0</integer>
										<key>5</key>
										<integer>4</integer>
										<key>6</key>
										<integer>1158409013</integer>
										<key>7</key>
										<integer>1087451716</integer>
										<key>8</key>
										<integer>-1076100424</integer>
									</dict>
									<dict>
										<key>2</key>
										<integer>1</integer>
										<key>3</key>
										<integer>11</integer>
										<key>4</key>
										<integer>0</integer>
										<key>5</key>
										<integer>4</integer>
										<key>6</key>
										<integer>1163363760</integer>
										<key>7</key>
										<integer>1068050373</integer>
										<key>8</key>
										<integer>1076834706</integer>
									</dict>
									<dict>
										<key>2</key>
										<integer>1</integer>
										<key>3</key>
										<integer>12</integer>
										<key>4</key>
										<integer>0</integer>
										<key>5</key>
										<integer>4</integer>
										<key>6</key>
										<integer>1172012401</integer>
										<key>7</key>
										<integer>1084883900</integer>
										<key>8</key>
										<integer>-1089295238</integer>
									</dict>
									<dict>
										<key>2</key>
										<integer>1</integer>
										<key>3</key>
										<integer>30</integer>
										<key>4</key>
										<integer>0</integer>
										<key>5</key>
										<integer>0</integer>
										<key>6</key>
										<integer>1179127613</integer>
										<key>7</key>
										<integer>1060439283</integer>
										<key>8</key>
										<integer>-1069504319</integer>
									</dict>
								</array>
							</dict>
							<key>PatchbayInfo</key>
							<dict>
								<key>InputPort0</key>
								<dict>
									<key>PortInstance</key>
									<integer>0</integer>
									<key>PortWidth</key>
									<integer>1</integer>
									<key>SourceFuncInstance</key>
									<integer>1</integer>
									<key>SourcePortIndex</key>
									<integer>0</integer>
								</dict>
								<key>InputPort1</key>
								<dict>
									<key>PortInstance</key>
									<integer>1</integer>
									<key>PortWidth</key>
									<integer>1</integer>
									<key>SourceFuncInstance</key>
									<integer>1</integer>
									<key>SourcePortIndex</key>
									<integer>1</integer>
								</dict>
							</dict>
						</dict>
						<key>DspFunction3</key>
						<dict>
							<key>FunctionInfo</key>
							<dict>
								<key>DspFuncName</key>
								<string>DspGainStage</string>
								<key>DspFuncInstance</key>
								<integer>3</integer>
								<key>DspFuncProcessingIndex</key>
								<integer>3</integer>
							</dict>
							<key>ParameterInfo</key>
							<dict>
								<key>1</key>
								<integer>0</integer>
								<key>2</key>
								<integer>1058010522</integer>
								<key>3</key>
								<integer>1058010522</integer>
							</dict>
							<key>PatchbayInfo</key>
							<dict>
								<key>InputPort0</key>
								<dict>
									<key>PortInstance</key>
									<integer>0</integer>
									<key>PortWidth</key>
									<integer>1</integer>
									<key>SourceFuncInstance</key>
									<integer>2</integer>
									<key>SourcePortIndex</key>
									<integer>0</integer>
								</dict>
								<key>InputPort1</key>
								<dict>
									<key>PortInstance</key>
									<integer>1</integer>
									<key>PortWidth</key>
									<integer>1</integer>
									<key>SourceFuncInstance</key>
									<integer>2</integer>
									<key>SourcePortIndex</key>
									<integer>1</integer>
								</dict>
							</dict>
						</dict>
						<key>DspFunction4</key>
						<dict>
							<key>FunctionInfo</key>
							<dict>
								<key>DspFuncName</key>
								<string>DspAECGainAdjustStage</string>
								<key>DspFuncInstance</key>
								<integer>4</integer>
								<key>DspFuncProcessingIndex</key>
								<integer>4</integer>
							</dict>
							<key>ParameterInfo</key>
							<dict>
								<key>3</key>
								<integer>-1061158912</integer>
								<key>1</key>
								<integer>1</integer>
								<key>4</key>
								<integer>1097859072</integer>
								<key>2</key>
								<integer>1091567616</integer>
								<key>5</key>
								<integer>0</integer>
							</dict>
							<key>PatchbayInfo</key>
							<dict>
								<key>InputPort0</key>
								<dict>
									<key>PortInstance</key>
									<integer>0</integer>
									<key>PortWidth</key>
									<integer>1</integer>
									<key>SourceFuncInstance</key>
									<integer>3</integer>
									<key>SourcePortIndex</key>
									<integer>0</integer>
								</dict>
								<key>InputPort1</key>
								<dict>
									<key>PortInstance</key>
									<integer>1</integer>
									<key>PortWidth</key>
									<integer>1</integer>
									<key>SourceFuncInstance</key>
									<integer>3</integer>
									<key>SourcePortIndex</key>
									<integer>1</integer>
								</dict>
							</dict>
						</dict>
					</dict>
				</dict>
            </dict>
            <key>Outputs</key>
            <array>
                <string>Headphone</string>
                <string>IntSpeaker</string>
                <string>SPDIFOut</string>
            </array>
            <key>PathMapID</key>
            <integer>10</integer>
            <key>SPDIFOut</key>
            <dict/>
        </dict>
    </array>
</dict>
