<dict>    <!--    <rdar://6449256> layout75.xml    -->
    <key>LayoutID</key>
    <integer>75</integer>
    <key>PathMapRef</key>
    <array>
		<dict>
			<key>CodecID</key>
			<array>
				<integer>269697542</integer>	<!--	0x10134206 CS4206	-->
			</array>
			<key>ExtMic</key>
			<dict>
				<key>HeadsetMic_dBV</key> 		<!--	<rdar://6741509>	-->
                <integer>1088421888</integer>   <!--	<rdar://6741509>	equivalent to +7.0dB -->
                <key>MuteGPIO</key>
                <integer>262144</integer>
			</dict>
			<key>Headphone</key>
			<dict>
                <key>AmpPostDelay</key>
                <integer>100</integer>
                <key>AmpPreDelay</key>
                <integer>50</integer>
				<key>Headset_dBV</key>
                <integer>-1055916032</integer>
				<key>MuteGPIO</key>
				<integer>1</integer>
			</dict>
			<key>Inputs</key>
			<array>
                <string>ExtMic</string>
                <string>LineIn</string>
                <string>Mic</string>
                <string>SPDIFIn</string>
			</array>
			<key>IntSpeaker</key>
			<dict>
				<key>MaximumBootBeepValue</key>
				<integer>91</integer>
				<key>MuteGPIO</key>
                <integer>3</integer>
				<key>SignalProcessing</key>
				<dict>
					<key>SoftwareDSP</key>
					<dict>
						<key>DspFunction0</key>
						<dict>
							<key>FunctionInfo</key>
							<dict>
								<key>DspFuncName</key>
								<string>DspEqualization32</string>
								<key>DspFuncInstance</key>
								<integer>0</integer>
								<key>DspFuncProcessingIndex</key>
								<integer>0</integer>
							</dict>
							<key>ParameterInfo</key>
							<dict>
								<key>1</key>
								<integer>0</integer>
								<key>9</key>
								<integer>0</integer>
								<key>Filter</key>
								<array>
									<dict>
										<key>2</key>
										<integer>2</integer>
										<key>3</key>
										<integer>7</integer>
										<key>4</key>
										<integer>0</integer>
										<key>5</key>
										<integer>4</integer>
										<key>6</key>
										<integer>1137843928</integer>
										<key>7</key>
										<integer>1100043615</integer>
										<key>8</key>
										<integer>-1048998768</integer>
									</dict>
									<dict>
										<key>2</key>
										<integer>2</integer>
										<key>3</key>
										<integer>8</integer>
										<key>4</key>
										<integer>0</integer>
										<key>5</key>
										<integer>4</integer>
										<key>6</key>
										<integer>1139478722</integer>
										<key>7</key>
										<integer>1088354837</integer>
										<key>8</key>
										<integer>-1062393839</integer>
									</dict>
									<dict>
										<key>2</key>
										<integer>2</integer>
										<key>3</key>
										<integer>9</integer>
										<key>4</key>
										<integer>0</integer>
										<key>5</key>
										<integer>4</integer>
										<key>6</key>
										<integer>1134559233</integer>
										<key>7</key>
										<integer>1091413822</integer>
										<key>8</key>
										<integer>-1077168470</integer>
									</dict>
									<dict>
										<key>2</key>
										<integer>2</integer>
										<key>3</key>
										<integer>11</integer>
										<key>4</key>
										<integer>0</integer>
										<key>5</key>
										<integer>4</integer>
										<key>6</key>
										<integer>1142316613</integer>
										<key>7</key>
										<integer>1098488964</integer>
										<key>8</key>
										<integer>-1059723725</integer>
									</dict>
									<dict>
										<key>2</key>
										<integer>2</integer>
										<key>3</key>
										<integer>16</integer>
										<key>4</key>
										<integer>0</integer>
										<key>5</key>
										<integer>4</integer>
										<key>6</key>
										<integer>1161350393</integer>
										<key>7</key>
										<integer>1103295267</integer>
										<key>8</key>
										<integer>-1056875604</integer>
									</dict>
								</array>
							</dict>
							<key>PatchbayInfo</key>
							<dict>
							</dict>
						</dict>
						<key>DspFunction1</key>
						<dict>
							<key>FunctionInfo</key>
							<dict>
								<key>DspFuncName</key>
								<string>DspVirtualization</string>
								<key>DspFuncInstance</key>
								<integer>1</integer>
								<key>DspFuncProcessingIndex</key>
								<integer>1</integer>
							</dict>
							<key>ParameterInfo</key>
							<dict>
								<key>39</key>
								<integer>1</integer>
								<key>30</key>
								<integer>-1048128813</integer>
								<key>9</key>
								<integer>0</integer>
								<key>5</key>
								<integer>-1052431058</integer>
								<key>8</key>
								<integer>0</integer>
								<key>29</key>
								<integer>0</integer>
								<key>40</key>
								<integer>-1047912930</integer>
								<key>28</key>
								<integer>1061047887</integer>
								<key>12</key>
								<integer>-1060850508</integer>
								<key>37</key>
								<integer>0</integer>
								<key>6</key>
								<integer>0</integer>
								<key>17</key>
								<integer>5</integer>
								<key>1</key>
								<integer>0</integer>
								<key>25</key>
								<integer>4003</integer>
								<key>16</key>
								<integer>-1045754097</integer>
								<key>34</key>
								<integer>1008902816</integer>
								<key>2</key>
								<integer>0</integer>
								<key>19</key>
								<integer>418</integer>
								<key>27</key>
								<integer>153</integer>
								<key>38</key>
								<integer>234</integer>
								<key>15</key>
								<integer>210</integer>
								<key>41</key>
								<integer>1022423360</integer>
								<key>24</key>
								<integer>-1047697047</integer>
								<key>3</key>
								<integer>-1085584568</integer>
								<key>43</key>
								<data>RSWWvHa0y7xk1B68zLkYvBRE+Tvd8kM6
									  usKsPEA8jDwkap48utYFvM8p7LyLF867
									  Tg/ku9UhFD3lKnO8yFQIPc/PoLzKPoE9
									  VliZvVAiGD1DUa692FG0PaD8kb1s7dW8
									  Cvd1P4AH1rx9+ZG9hGC0PYMirr06lRg9
									  rRuZvShfgT0Kz6C8SkAIPbC7c7yNMxQ9
									  0sniu9BQy7uMIeu8wK0EvN4bnzwcZ4o8
									  XuerPN1Lhzk6gfk7OnQgvG5lGrzURc+8
									  ogiRvJL8ELwRvBg8qQGUPM4QWzzNMaQ7
									  QlzSu3iKYbsKSbK7kk/tuhTxlruJRKu6
									  DVSwORAuiLrWfoA6Hp+ZOAAAAAAAAAAA
									  AAAAAAAAAAAAAAAAAAAAAAAAAAAAAAAA
									  AAAAAAAAAAAAAAAAAAAAAAAAAAAAAAAA
									  AAAAAAAAAAAAAAAAAAAAAAAAAAAAAAAA
									  AAAAAAAAAAAAAAAAAAAAAAAAAAAAAAAA
									  AAAAAAAAAAAAAAAAAAAAAAAAAAAAAAAA
									  AAAAAAAAAAAAAAAAAAAAAAAAAAAAAAAA
									  AAAAAAAAAAAAAAAAAAAAAAAAAAAAAAAA
									  AAAAAAAAAAAAAAAAAAAAAAAAAAAAAAAA
									  AAAAAAAAAAAAAAAAAAAAAAAAAAAAAAAA
									  AAAAAAAAAAAAAAAAAAAAAAAAAAAAAAAA
									  AAAAAAAAAACasrC7Y0/Tu/+3lLv0l7I5
									  r0STO4dM6DtPRRM8zbj/O+Y2ijtWlU67
									  mDwmvK2+GLyKIpu7Sp34um8TZDkTvp+7
									  UZuaOWcGRTrf22i7D3MfPOY9aTyK8oA9
									  4CaQPc3Y2z0d9Ik+N3BQPv60hz28u6M9
									  75E8PZYjDT2eVgk9Xp1GPfiKqz3S4U49
									  E7QoPZLzJj3+XNg8D5bCPMiRlTyuLAM9
									  dBEcPTXIDT0m1xE9o7/NPE+Cazye/qw7
									  Xhdjuyen1LtqMOG7/Eo9uxlBXDt1St07
									  kpvdO/gnTjt2Fp+6TB9fu5zaebsv4Eq7
									  A5TZuitNbDdKjzU6P09zOCMxIrptVnS6
									  N9iquxzNuLtj5XC7lxMiOe/WVDsBH407
									  KMBOO9ILWDn1ciO7L+CmuyDt3bue4My7
									  DhNpu0im9jqJ+8E7SMSkOz/fcTuD/q46
									  618ZO3WrlDvWWeQ6c5P0O7L/zjvkHyw8
									  jTzBO4rc27wJi9C8CA22vV/0Mb4d7eO9
									  Z36AvVu0gr1iViO9JtsOvYwn8rw1AkS9
									  UTJzvQ2WKb22Niu9aQQTvU2n3rzvEbC8
									  mcWGvHkexLz8tKu86dpLvOicNbzF2eK7
									  zCAvu2TPYTpu+pw7oyjHO5aduDv60iA7
									  afr8uq46j7sjqZK7q6Aeuxms8bjz6Ks6
									  MH/gOstk3jra8q86emMsOkUllrx2tMu8
									  ZNQevMy5GLwURPk73fJDOrrCrDxAPIw8
									  JGqePLrWBbzPKey8ixfOu04P5LvVIRQ9
									  5SpzvMhUCD3Pz6C8yj6BPVZYmb1QIhg9
									  Q1GuvdhRtD2g/JG9bO3VvAr3dT+AB9a8
									  ffmRvYRgtD2DIq69OpUYPa0bmb0oX4E9
									  Cs+gvEpACD2wu3O8jTMUPdLJ4rvQUMu7
									  jCHrvMCtBLzeG588HGeKPF7nqzzdS4c5
									  OoH5Ozp0ILxuZRq81EXPvKIIkbyS/BC8
									  EbwYPKkBlDzOEFs8zTGkO0Jc0rt4imG7
									  Ckmyu5JP7boU8Za7iUSrug1UsDkQLoi6
									  1n6AOh6fmTg=
								</data>
								<key>22</key>
								<integer>1633</integer>
								<key>33</key>
								<integer>-1063441106</integer>
								<key>7</key>
								<integer>0</integer>
								<key>31</key>
								<integer>982552730</integer>
								<key>42</key>
								<integer>0</integer>
								<key>21</key>
								<integer>3</integer>
								<key>26</key>
								<integer>9246</integer>
								<key>18</key>
								<integer>182</integer>
								<key>20</key>
								<integer>-1051567526</integer>
								<key>10</key>
								<integer>0</integer>
								<key>32</key>
								<integer>16</integer>
								<key>14</key>
								<integer>10</integer>
								<key>36</key>
								<integer>-1059986974</integer>
								<key>4</key>
								<integer>-1094466626</integer>
								<key>13</key>
								<integer>-1038329254</integer>
								<key>11</key>
								<integer>1</integer>
								<key>23</key>
								<integer>4033</integer>
								<key>35</key>
								<integer>4</integer>
							</dict>
							<key>PatchbayInfo</key>
							<dict>
								<key>InputPort0</key>
								<dict>
									<key>PortInstance</key>
									<integer>0</integer>
									<key>PortWidth</key>
									<integer>1</integer>
									<key>SourceFuncInstance</key>
									<integer>0</integer>
									<key>SourcePortIndex</key>
									<integer>0</integer>
								</dict>
								<key>InputPort1</key>
								<dict>
									<key>PortInstance</key>
									<integer>1</integer>
									<key>PortWidth</key>
									<integer>1</integer>
									<key>SourceFuncInstance</key>
									<integer>0</integer>
									<key>SourcePortIndex</key>
									<integer>1</integer>
								</dict>
							</dict>
						</dict>
						<key>DspFunction2</key>
						<dict>
							<key>FunctionInfo</key>
							<dict>
								<key>DspFuncName</key>
								<string>DspEqualization32</string>
								<key>DspFuncInstance</key>
								<integer>2</integer>
								<key>DspFuncProcessingIndex</key>
								<integer>2</integer>
							</dict>
							<key>ParameterInfo</key>
							<dict>
								<key>1</key>
								<integer>0</integer>
								<key>9</key>
								<integer>0</integer>
								<key>Filter</key>
								<array>
									<dict>
										<key>2</key>
										<integer>2</integer>
										<key>3</key>
										<integer>0</integer>
										<key>4</key>
										<integer>0</integer>
										<key>5</key>
										<integer>1</integer>
										<key>6</key>
										<integer>1117087176</integer>
										<key>7</key>
										<integer>1060439283</integer>
										<key>8</key>
										<integer>-1069504319</integer>
									</dict>
									<dict>
										<key>2</key>
										<integer>2</integer>
										<key>3</key>
										<integer>6</integer>
										<key>4</key>
										<integer>0</integer>
										<key>5</key>
										<integer>4</integer>
										<key>6</key>
										<integer>1138812492</integer>
										<key>7</key>
										<integer>1076177231</integer>
										<key>8</key>
										<integer>-1067444805</integer>
									</dict>
									<dict>
										<key>2</key>
										<integer>2</integer>
										<key>3</key>
										<integer>7</integer>
										<key>4</key>
										<integer>0</integer>
										<key>5</key>
										<integer>4</integer>
										<key>6</key>
										<integer>1143516345</integer>
										<key>7</key>
										<integer>1083062506</integer>
										<key>8</key>
										<integer>-1063995908</integer>
									</dict>
									<dict>
										<key>2</key>
										<integer>2</integer>
										<key>3</key>
										<integer>11</integer>
										<key>4</key>
										<integer>0</integer>
										<key>5</key>
										<integer>4</integer>
										<key>6</key>
										<integer>1150361962</integer>
										<key>7</key>
										<integer>1087275008</integer>
										<key>8</key>
										<integer>-1070114919</integer>
									</dict>
									<dict>
										<key>2</key>
										<integer>2</integer>
										<key>3</key>
										<integer>12</integer>
										<key>4</key>
										<integer>0</integer>
										<key>5</key>
										<integer>4</integer>
										<key>6</key>
										<integer>1153885509</integer>
										<key>7</key>
										<integer>1084939825</integer>
										<key>8</key>
										<integer>-1071716987</integer>
									</dict>
									<dict>
										<key>2</key>
										<integer>2</integer>
										<key>3</key>
										<integer>13</integer>
										<key>4</key>
										<integer>0</integer>
										<key>5</key>
										<integer>4</integer>
										<key>6</key>
										<integer>1158646952</integer>
										<key>7</key>
										<integer>1084760320</integer>
										<key>8</key>
										<integer>-1070114919</integer>
									</dict>
									<dict>
										<key>2</key>
										<integer>2</integer>
										<key>3</key>
										<integer>14</integer>
										<key>4</key>
										<integer>0</integer>
										<key>5</key>
										<integer>4</integer>
										<key>6</key>
										<integer>1161556138</integer>
										<key>7</key>
										<integer>1084613191</integer>
										<key>8</key>
										<integer>-1072785033</integer>
									</dict>
									<dict>
										<key>2</key>
										<integer>2</integer>
										<key>3</key>
										<integer>15</integer>
										<key>4</key>
										<integer>0</integer>
										<key>5</key>
										<integer>4</integer>
										<key>6</key>
										<integer>1165702076</integer>
										<key>7</key>
										<integer>1094827109</integer>
										<key>8</key>
										<integer>-1079304561</integer>
									</dict>
									<dict>
										<key>2</key>
										<integer>2</integer>
										<key>3</key>
										<integer>19</integer>
										<key>4</key>
										<integer>0</integer>
										<key>5</key>
										<integer>4</integer>
										<key>6</key>
										<integer>1166982534</integer>
										<key>7</key>
										<integer>1099890184</integer>
										<key>8</key>
										<integer>-1073964333</integer>
									</dict>
									<dict>
										<key>2</key>
										<integer>2</integer>
										<key>3</key>
										<integer>20</integer>
										<key>4</key>
										<integer>0</integer>
										<key>5</key>
										<integer>4</integer>
										<key>6</key>
										<integer>1167887026</integer>
										<key>7</key>
										<integer>1093662927</integer>
										<key>8</key>
										<integer>-1073964333</integer>
									</dict>
									<dict>
										<key>2</key>
										<integer>2</integer>
										<key>3</key>
										<integer>21</integer>
										<key>4</key>
										<integer>0</integer>
										<key>5</key>
										<integer>4</integer>
										<key>6</key>
										<integer>1174199227</integer>
										<key>7</key>
										<integer>1092721597</integer>
										<key>8</key>
										<integer>-1077168470</integer>
									</dict>
									<dict>
										<key>2</key>
										<integer>2</integer>
										<key>3</key>
										<integer>22</integer>
										<key>4</key>
										<integer>0</integer>
										<key>5</key>
										<integer>4</integer>
										<key>6</key>
										<integer>1170990555</integer>
										<key>7</key>
										<integer>1097841040</integer>
										<key>8</key>
										<integer>-1077168470</integer>
									</dict>
									<dict>
										<key>2</key>
										<integer>2</integer>
										<key>3</key>
										<integer>23</integer>
										<key>4</key>
										<integer>0</integer>
										<key>5</key>
										<integer>4</integer>
										<key>6</key>
										<integer>1172003288</integer>
										<key>7</key>
										<integer>1107811576</integer>
										<key>8</key>
										<integer>-1065063953</integer>
									</dict>
									<dict>
										<key>2</key>
										<integer>2</integer>
										<key>3</key>
										<integer>24</integer>
										<key>4</key>
										<integer>0</integer>
										<key>5</key>
										<integer>4</integer>
										<key>6</key>
										<integer>1169806635</integer>
										<key>7</key>
										<integer>1104030155</integer>
										<key>8</key>
										<integer>-1076100424</integer>
									</dict>
									<dict>
										<key>2</key>
										<integer>2</integer>
										<key>3</key>
										<integer>26</integer>
										<key>4</key>
										<integer>0</integer>
										<key>5</key>
										<integer>4</integer>
										<key>6</key>
										<integer>1176304370</integer>
										<key>7</key>
										<integer>1106297873</integer>
										<key>8</key>
										<integer>-1073964333</integer>
									</dict>
									<dict>
										<key>2</key>
										<integer>2</integer>
										<key>3</key>
										<integer>27</integer>
										<key>4</key>
										<integer>0</integer>
										<key>5</key>
										<integer>4</integer>
										<key>6</key>
										<integer>1178290188</integer>
										<key>7</key>
										<integer>1087156374</integer>
										<key>8</key>
										<integer>-1064796942</integer>
									</dict>
									<dict>
										<key>2</key>
										<integer>2</integer>
										<key>3</key>
										<integer>28</integer>
										<key>4</key>
										<integer>0</integer>
										<key>5</key>
										<integer>4</integer>
										<key>6</key>
										<integer>1175217320</integer>
										<key>7</key>
										<integer>1109222036</integer>
										<key>8</key>
										<integer>-1076100424</integer>
									</dict>
									<dict>
										<key>2</key>
										<integer>2</integer>
										<key>3</key>
										<integer>30</integer>
										<key>4</key>
										<integer>0</integer>
										<key>5</key>
										<integer>4</integer>
										<key>6</key>
										<integer>1183142454</integer>
										<key>7</key>
										<integer>1080530782</integer>
										<key>8</key>
										<integer>-1048453620</integer>
									</dict>
									<dict>
										<key>2</key>
										<integer>2</integer>
										<key>3</key>
										<integer>31</integer>
										<key>4</key>
										<integer>0</integer>
										<key>5</key>
										<integer>6</integer>
										<key>6</key>
										<integer>1182066190</integer>
										<key>7</key>
										<integer>1106953910</integer>
										<key>8</key>
										<integer>-1055273536</integer>
									</dict>
								</array>
							</dict>
							<key>PatchbayInfo</key>
							<dict>
								<key>InputPort0</key>
								<dict>
									<key>PortInstance</key>
									<integer>0</integer>
									<key>PortWidth</key>
									<integer>1</integer>
									<key>SourceFuncInstance</key>
									<integer>1</integer>
									<key>SourcePortIndex</key>
									<integer>0</integer>
								</dict>
								<key>InputPort1</key>
								<dict>
									<key>PortInstance</key>
									<integer>1</integer>
									<key>PortWidth</key>
									<integer>1</integer>
									<key>SourceFuncInstance</key>
									<integer>1</integer>
									<key>SourcePortIndex</key>
									<integer>1</integer>
								</dict>
							</dict>
						</dict>
						<key>DspFunction3</key>
						<dict>
							<key>FunctionInfo</key>
							<dict>
								<key>DspFuncName</key>
								<string>DspMultiBandCompressor</string>
								<key>DspFuncInstance</key>
								<integer>3</integer>
								<key>DspFuncProcessingIndex</key>
								<integer>3</integer>
							</dict>
							<key>ParameterInfo</key>
							<dict>
								<key>1</key>
								<integer>0</integer>
								<key>2</key>
								<integer>0</integer>
								<key>3</key>
								<integer>2</integer>
								<key>26</key>
								<integer>1139137242</integer>
								<key>27</key>
								<integer>1170576397</integer>
								<key>28</key>
								<integer>1184645120</integer>
								<key>21</key>
								<integer>0</integer>
								<key>29</key>
								<integer>1</integer>
								<key>30</key>
								<integer>0</integer>
								<key>Compressor</key>
								<array>
									<dict>
										<key>4</key>
										<integer>0</integer>
										<key>5</key>
										<integer>0</integer>
										<key>6</key>
										<integer>0</integer>
										<key>7</key>
										<integer>0</integer>
										<key>8</key>
										<integer>1</integer>
										<key>9</key>
										<integer>1082130432</integer>
										<key>10</key>
										<integer>1116471296</integer>
										<key>11</key>
										<integer>0</integer>
										<key>12</key>
										<integer>1065353216</integer>
										<key>13</key>
										<integer>0</integer>
										<key>14</key>
										<integer>0</integer>
										<key>15</key>
										<integer>1070691421</integer>
										<key>16</key>
										<integer>-1049624576</integer>
										<key>17</key>
										<integer>1071225242</integer>
										<key>18</key>
										<integer>1078426371</integer>
										<key>19</key>
										<integer>0</integer>
									</dict>
									<dict>
										<key>4</key>
										<integer>1</integer>
										<key>5</key>
										<integer>0</integer>
										<key>6</key>
										<integer>0</integer>
										<key>7</key>
										<integer>0</integer>
										<key>8</key>
										<integer>1</integer>
										<key>9</key>
										<integer>1082130432</integer>
										<key>10</key>
										<integer>1116471296</integer>
										<key>11</key>
										<integer>0</integer>
										<key>12</key>
										<integer>1065353216</integer>
										<key>13</key>
										<integer>0</integer>
										<key>14</key>
										<integer>0</integer>
										<key>15</key>
										<integer>1071835322</integer>
										<key>16</key>
										<integer>-1049624576</integer>
										<key>17</key>
										<integer>1071236136</integer>
										<key>18</key>
										<integer>1081694660</integer>
										<key>19</key>
										<integer>0</integer>
									</dict>
									<dict>
										<key>4</key>
										<integer>2</integer>
										<key>5</key>
										<integer>0</integer>
										<key>6</key>
										<integer>0</integer>
										<key>7</key>
										<integer>0</integer>
										<key>8</key>
										<integer>1</integer>
										<key>9</key>
										<integer>1082130432</integer>
										<key>10</key>
										<integer>1116471296</integer>
										<key>11</key>
										<integer>0</integer>
										<key>12</key>
										<integer>1065353216</integer>
										<key>13</key>
										<integer>0</integer>
										<key>14</key>
										<integer>0</integer>
										<key>15</key>
										<integer>1069547520</integer>
										<key>16</key>
										<integer>-1049624576</integer>
										<key>17</key>
										<integer>1071225242</integer>
										<key>18</key>
										<integer>1081694660</integer>
										<key>19</key>
										<integer>0</integer>
									</dict>
								</array>
							</dict>
							<key>PatchbayInfo</key>
							<dict>
								<key>InputPort0</key>
								<dict>
									<key>PortInstance</key>
									<integer>0</integer>
									<key>PortWidth</key>
									<integer>1</integer>
									<key>SourceFuncInstance</key>
									<integer>2</integer>
									<key>SourcePortIndex</key>
									<integer>0</integer>
								</dict>
								<key>InputPort1</key>
								<dict>
									<key>PortInstance</key>
									<integer>1</integer>
									<key>PortWidth</key>
									<integer>1</integer>
									<key>SourceFuncInstance</key>
									<integer>2</integer>
									<key>SourcePortIndex</key>
									<integer>1</integer>
								</dict>
							</dict>
						</dict>
						<key>DspFunction4</key>
						<dict>
							<key>FunctionInfo</key>
							<dict>
								<key>DspFuncName</key>
								<string>DspMultiBandCompressor</string>
								<key>DspFuncInstance</key>
								<integer>4</integer>
								<key>DspFuncProcessingIndex</key>
								<integer>4</integer>
							</dict>
							<key>ParameterInfo</key>
							<dict>
								<key>1</key>
								<integer>0</integer>
								<key>2</key>
								<integer>0</integer>
								<key>3</key>
								<integer>1</integer>
								<key>26</key>
								<integer>1144034738</integer>
								<key>27</key>
								<integer>1184645120</integer>
								<key>28</key>
								<integer>1184645120</integer>
								<key>21</key>
								<integer>0</integer>
								<key>29</key>
								<integer>1</integer>
								<key>30</key>
								<integer>0</integer>
								<key>Compressor</key>
								<array>
									<dict>
										<key>4</key>
										<integer>0</integer>
										<key>5</key>
										<integer>0</integer>
										<key>6</key>
										<integer>0</integer>
										<key>7</key>
										<integer>0</integer>
										<key>8</key>
										<integer>1</integer>
										<key>9</key>
										<integer>1077936128</integer>
										<key>10</key>
										<integer>1115947008</integer>
										<key>11</key>
										<integer>-1057185362</integer>
										<key>12</key>
										<integer>1076702509</integer>
										<key>13</key>
										<integer>0</integer>
										<key>14</key>
										<integer>0</integer>
										<key>15</key>
										<integer>1068403619</integer>
										<key>16</key>
										<integer>-1032847360</integer>
										<key>17</key>
										<integer>1065353216</integer>
										<key>18</key>
										<integer>0</integer>
										<key>19</key>
										<integer>0</integer>
									</dict>
									<dict>
										<key>4</key>
										<integer>1</integer>
										<key>5</key>
										<integer>0</integer>
										<key>6</key>
										<integer>0</integer>
										<key>7</key>
										<integer>0</integer>
										<key>8</key>
										<integer>1</integer>
										<key>9</key>
										<integer>1077936128</integer>
										<key>10</key>
										<integer>1115947008</integer>
										<key>11</key>
										<integer>-1064773743</integer>
										<key>12</key>
										<integer>1074317513</integer>
										<key>13</key>
										<integer>0</integer>
										<key>14</key>
										<integer>0</integer>
										<key>15</key>
										<integer>1068403619</integer>
										<key>16</key>
										<integer>-1032847360</integer>
										<key>17</key>
										<integer>1065353216</integer>
										<key>18</key>
										<integer>0</integer>
										<key>19</key>
										<integer>0</integer>
									</dict>
								</array>
							</dict>
							<key>PatchbayInfo</key>
							<dict>
								<key>InputPort0</key>
								<dict>
									<key>PortInstance</key>
									<integer>0</integer>
									<key>PortWidth</key>
									<integer>1</integer>
									<key>SourceFuncInstance</key>
									<integer>3</integer>
									<key>SourcePortIndex</key>
									<integer>0</integer>
								</dict>
								<key>InputPort1</key>
								<dict>
									<key>PortInstance</key>
									<integer>1</integer>
									<key>PortWidth</key>
									<integer>1</integer>
									<key>SourceFuncInstance</key>
									<integer>3</integer>
									<key>SourcePortIndex</key>
									<integer>1</integer>
								</dict>
							</dict>
						</dict>
						<key>DspFunction5</key>
						<dict>
							<key>FunctionInfo</key>
							<dict>
								<key>DspFuncName</key>
								<string>DspLimiter</string>
								<key>DspFuncInstance</key>
								<integer>5</integer>
								<key>DspFuncProcessingIndex</key>
								<integer>5</integer>
							</dict>
							<key>ParameterInfo</key>
							<dict>
								<key>4</key>
								<integer>0</integer>
								<key>2</key>
								<integer>1073741825</integer>
								<key>5</key>
								<integer>0</integer>
								<key>1</key>
								<integer>0</integer>
								<key>3</key>
								<integer>1099593255</integer>
							</dict>
							<key>PatchbayInfo</key>
							<dict>
								<key>InputPort0</key>
								<dict>
									<key>PortInstance</key>
									<integer>0</integer>
									<key>PortWidth</key>
									<integer>1</integer>
									<key>SourceFuncInstance</key>
									<integer>4</integer>
									<key>SourcePortIndex</key>
									<integer>0</integer>
								</dict>
								<key>InputPort1</key>
								<dict>
									<key>PortInstance</key>
									<integer>1</integer>
									<key>PortWidth</key>
									<integer>1</integer>
									<key>SourceFuncInstance</key>
									<integer>4</integer>
									<key>SourcePortIndex</key>
									<integer>1</integer>
								</dict>
							</dict>
						</dict>
						<key>DspFunction6</key>
						<dict>
							<key>FunctionInfo</key>
							<dict>
								<key>DspFuncName</key>
								<string>DspLoudness</string>
								<key>DspFuncInstance</key>
								<integer>6</integer>
								<key>DspFuncProcessingIndex</key>
								<integer>6</integer>
							</dict>
							<key>ParameterInfo</key>
							<dict>
								<key>15</key>
								<integer>-1034974759</integer>
								<key>5</key>
								<integer>0</integer>
								<key>3</key>
								<integer>0</integer>
								<key>12</key>
								<integer>1053867276</integer>
								<key>17</key>
								<integer>-1045256853</integer>
								<key>1</key>
								<integer>0</integer>
								<key>10</key>
								<integer>1143017157</integer>
								<key>14</key>
								<integer>-1054827126</integer>
								<key>16</key>
								<integer>-1045150585</integer>
								<key>2</key>
								<integer>0</integer>
								<key>13</key>
								<integer>1054344781</integer>
								<key>11</key>
								<integer>1153579796</integer>
								<key>4</key>
								<integer>0</integer>
							</dict>
							<key>PatchbayInfo</key>
							<dict>
								<key>InputPort0</key>
								<dict>
									<key>PortInstance</key>
									<integer>0</integer>
									<key>PortWidth</key>
									<integer>1</integer>
									<key>SourceFuncInstance</key>
									<integer>5</integer>
									<key>SourcePortIndex</key>
									<integer>0</integer>
								</dict>
								<key>InputPort1</key>
								<dict>
									<key>PortInstance</key>
									<integer>1</integer>
									<key>PortWidth</key>
									<integer>1</integer>
									<key>SourceFuncInstance</key>
									<integer>5</integer>
									<key>SourcePortIndex</key>
									<integer>1</integer>
								</dict>
							</dict>
						</dict>
						<key>DspFunction7</key>
						<dict>
							<key>FunctionInfo</key>
							<dict>
								<key>DspFuncName</key>
								<string>DspCrossover2Dot1</string>
								<key>DspFuncInstance</key>
								<integer>7</integer>
								<key>DspFuncProcessingIndex</key>
								<integer>7</integer>
							</dict>
							<key>ParameterInfo</key>
							<dict>
								<key>6</key>
								<integer>1172501203</integer>
								<key>5</key>
								<integer>2</integer>
								<key>1</key>
								<integer>0</integer>
								<key>10</key>
								<integer>1151090688</integer>
								<key>3</key>
								<integer>1065353216</integer>
								<key>2</key>
								<integer>0</integer>
								<key>7</key>
								<integer>1065353216</integer>
								<key>9</key>
								<integer>2</integer>
							</dict>
							<key>PatchbayInfo</key>
							<dict>
								<key>InputPort0</key>
								<dict>
									<key>PortInstance</key>
									<integer>0</integer>
									<key>PortWidth</key>
									<integer>1</integer>
									<key>SourceFuncInstance</key>
									<integer>6</integer>
									<key>SourcePortIndex</key>
									<integer>0</integer>
								</dict>
								<key>InputPort1</key>
								<dict>
									<key>PortInstance</key>
									<integer>1</integer>
									<key>PortWidth</key>
									<integer>1</integer>
									<key>SourceFuncInstance</key>
									<integer>6</integer>
									<key>SourcePortIndex</key>
									<integer>1</integer>
								</dict>
							</dict>
						</dict>
						<key>DspFunction8</key>
						<dict>
							<key>FunctionInfo</key>
							<dict>
								<key>DspFuncName</key>
								<string>DspEqualization32</string>
								<key>DspFuncInstance</key>
								<integer>8</integer>
								<key>DspFuncProcessingIndex</key>
								<integer>8</integer>
							</dict>
							<key>ParameterInfo</key>
							<dict>
								<key>1</key>
								<integer>0</integer>
								<key>9</key>
								<integer>0</integer>
								<key>Filter</key>
								<array>
									<dict>
										<key>2</key>
										<integer>0</integer>
										<key>3</key>
										<integer>0</integer>
										<key>4</key>
										<integer>0</integer>
										<key>5</key>
										<integer>1</integer>
										<key>6</key>
										<integer>1124531721</integer>
										<key>7</key>
										<integer>1060439283</integer>
										<key>8</key>
										<integer>-1069504319</integer>
									</dict>
									<dict>
										<key>2</key>
										<integer>0</integer>
										<key>3</key>
										<integer>1</integer>
										<key>4</key>
										<integer>0</integer>
										<key>5</key>
										<integer>4</integer>
										<key>6</key>
										<integer>1149726529</integer>
										<key>7</key>
										<integer>1083066142</integer>
										<key>8</key>
										<integer>-1064796942</integer>
									</dict>
									<dict>
										<key>2</key>
										<integer>0</integer>
										<key>3</key>
										<integer>3</integer>
										<key>4</key>
										<integer>0</integer>
										<key>5</key>
										<integer>4</integer>
										<key>6</key>
										<integer>1162327107</integer>
										<key>7</key>
										<integer>1104000716</integer>
										<key>8</key>
										<integer>-1066910782</integer>
									</dict>
									<dict>
										<key>2</key>
										<integer>0</integer>
										<key>3</key>
										<integer>4</integer>
										<key>4</key>
										<integer>0</integer>
										<key>5</key>
										<integer>4</integer>
										<key>6</key>
										<integer>1172156066</integer>
										<key>7</key>
										<integer>1111129326</integer>
										<key>8</key>
										<integer>-1096615800</integer>
									</dict>
									<dict>
										<key>2</key>
										<integer>0</integer>
										<key>3</key>
										<integer>5</integer>
										<key>4</key>
										<integer>0</integer>
										<key>5</key>
										<integer>4</integer>
										<key>6</key>
										<integer>1159976148</integer>
										<key>7</key>
										<integer>1101808649</integer>
										<key>8</key>
										<integer>-1072785033</integer>
									</dict>
									<dict>
										<key>2</key>
										<integer>0</integer>
										<key>3</key>
										<integer>7</integer>
										<key>4</key>
										<integer>0</integer>
										<key>5</key>
										<integer>4</integer>
										<key>6</key>
										<integer>1163829781</integer>
										<key>7</key>
										<integer>1101791285</integer>
										<key>8</key>
										<integer>-1067978828</integer>
									</dict>
									<dict>
										<key>2</key>
										<integer>0</integer>
										<key>3</key>
										<integer>8</integer>
										<key>4</key>
										<integer>0</integer>
										<key>5</key>
										<integer>4</integer>
										<key>6</key>
										<integer>1156119800</integer>
										<key>7</key>
										<integer>1084063743</integer>
										<key>8</key>
										<integer>-1065330965</integer>
									</dict>
									<dict>
										<key>2</key>
										<integer>0</integer>
										<key>3</key>
										<integer>9</integer>
										<key>4</key>
										<integer>0</integer>
										<key>5</key>
										<integer>4</integer>
										<key>6</key>
										<integer>1169843194</integer>
										<key>7</key>
										<integer>1097772610</integer>
										<key>8</key>
										<integer>-1065063953</integer>
									</dict>
									<dict>
										<key>2</key>
										<integer>0</integer>
										<key>3</key>
										<integer>10</integer>
										<key>4</key>
										<integer>0</integer>
										<key>5</key>
										<integer>4</integer>
										<key>6</key>
										<integer>1169091857</integer>
										<key>7</key>
										<integer>1101791256</integer>
										<key>8</key>
										<integer>-1073319056</integer>
									</dict>
									<dict>
										<key>2</key>
										<integer>0</integer>
										<key>3</key>
										<integer>11</integer>
										<key>4</key>
										<integer>0</integer>
										<key>5</key>
										<integer>4</integer>
										<key>6</key>
										<integer>1175642804</integer>
										<key>7</key>
										<integer>1098789340</integer>
										<key>8</key>
										<integer>-1060257748</integer>
									</dict>
									<dict>
										<key>2</key>
										<integer>0</integer>
										<key>3</key>
										<integer>12</integer>
										<key>4</key>
										<integer>0</integer>
										<key>5</key>
										<integer>4</integer>
										<key>6</key>
										<integer>1176768079</integer>
										<key>7</key>
										<integer>1100994664</integer>
										<key>8</key>
										<integer>-1061325794</integer>
									</dict>
									<dict>
										<key>2</key>
										<integer>0</integer>
										<key>3</key>
										<integer>13</integer>
										<key>4</key>
										<integer>0</integer>
										<key>5</key>
										<integer>4</integer>
										<key>6</key>
										<integer>1177564428</integer>
										<key>7</key>
										<integer>1101845263</integer>
										<key>8</key>
										<integer>-1064262919</integer>
									</dict>
									<dict>
										<key>2</key>
										<integer>0</integer>
										<key>3</key>
										<integer>14</integer>
										<key>4</key>
										<integer>0</integer>
										<key>5</key>
										<integer>4</integer>
										<key>6</key>
										<integer>1178836854</integer>
										<key>7</key>
										<integer>1099584154</integer>
										<key>8</key>
										<integer>-1077168470</integer>
									</dict>
									<dict>
										<key>2</key>
										<integer>0</integer>
										<key>3</key>
										<integer>15</integer>
										<key>4</key>
										<integer>0</integer>
										<key>5</key>
										<integer>4</integer>
										<key>6</key>
										<integer>1179667826</integer>
										<key>7</key>
										<integer>1092214020</integer>
										<key>8</key>
										<integer>-1061058782</integer>
									</dict>
									<dict>
										<key>2</key>
										<integer>0</integer>
										<key>3</key>
										<integer>16</integer>
										<key>4</key>
										<integer>0</integer>
										<key>5</key>
										<integer>4</integer>
										<key>6</key>
										<integer>1180386270</integer>
										<key>7</key>
										<integer>1103181829</integer>
										<key>8</key>
										<integer>-1064529931</integer>
									</dict>
									<dict>
										<key>2</key>
										<integer>0</integer>
										<key>3</key>
										<integer>17</integer>
										<key>4</key>
										<integer>0</integer>
										<key>5</key>
										<integer>4</integer>
										<key>6</key>
										<integer>1181676008</integer>
										<key>7</key>
										<integer>1095876660</integer>
										<key>8</key>
										<integer>-1059723725</integer>
									</dict>
									<dict>
										<key>2</key>
										<integer>0</integer>
										<key>3</key>
										<integer>18</integer>
										<key>4</key>
										<integer>0</integer>
										<key>5</key>
										<integer>4</integer>
										<key>6</key>
										<integer>1182152086</integer>
										<key>7</key>
										<integer>1112481633</integer>
										<key>8</key>
										<integer>-1064262919</integer>
									</dict>
									<dict>
										<key>2</key>
										<integer>0</integer>
										<key>3</key>
										<integer>19</integer>
										<key>4</key>
										<integer>0</integer>
										<key>5</key>
										<integer>4</integer>
										<key>6</key>
										<integer>1182832130</integer>
										<key>7</key>
										<integer>1117112078</integer>
										<key>8</key>
										<integer>-1063728896</integer>
									</dict>
									<dict>
										<key>2</key>
										<integer>0</integer>
										<key>3</key>
										<integer>20</integer>
										<key>4</key>
										<integer>0</integer>
										<key>5</key>
										<integer>4</integer>
										<key>6</key>
										<integer>1180340553</integer>
										<key>7</key>
										<integer>1068581256</integer>
										<key>8</key>
										<integer>-1096615800</integer>
									</dict>
									<dict>
										<key>2</key>
										<integer>1</integer>
										<key>3</key>
										<integer>2</integer>
										<key>4</key>
										<integer>0</integer>
										<key>5</key>
										<integer>4</integer>
										<key>6</key>
										<integer>1173185536</integer>
										<key>7</key>
										<integer>1100334870</integer>
										<key>8</key>
										<integer>-1068512851</integer>
									</dict>
									<dict>
										<key>2</key>
										<integer>1</integer>
										<key>3</key>
										<integer>3</integer>
										<key>4</key>
										<integer>0</integer>
										<key>5</key>
										<integer>4</integer>
										<key>6</key>
										<integer>1156022853</integer>
										<key>7</key>
										<integer>1099635812</integer>
										<key>8</key>
										<integer>-1060791771</integer>
									</dict>
									<dict>
										<key>2</key>
										<integer>1</integer>
										<key>3</key>
										<integer>4</integer>
										<key>4</key>
										<integer>0</integer>
										<key>5</key>
										<integer>4</integer>
										<key>6</key>
										<integer>1175504309</integer>
										<key>7</key>
										<integer>1103011915</integer>
										<key>8</key>
										<integer>-1065063953</integer>
									</dict>
									<dict>
										<key>2</key>
										<integer>1</integer>
										<key>3</key>
										<integer>5</integer>
										<key>4</key>
										<integer>0</integer>
										<key>5</key>
										<integer>4</integer>
										<key>6</key>
										<integer>1155058319</integer>
										<key>7</key>
										<integer>1081289331</integer>
										<key>8</key>
										<integer>-1080372607</integer>
									</dict>
									<dict>
										<key>2</key>
										<integer>1</integer>
										<key>3</key>
										<integer>6</integer>
										<key>4</key>
										<integer>0</integer>
										<key>5</key>
										<integer>4</integer>
										<key>6</key>
										<integer>1167916377</integer>
										<key>7</key>
										<integer>1091579115</integer>
										<key>8</key>
										<integer>-1070114919</integer>
									</dict>
									<dict>
										<key>2</key>
										<integer>1</integer>
										<key>3</key>
										<integer>7</integer>
										<key>4</key>
										<integer>0</integer>
										<key>5</key>
										<integer>4</integer>
										<key>6</key>
										<integer>1168963338</integer>
										<key>7</key>
										<integer>1093332266</integer>
										<key>8</key>
										<integer>-1065330965</integer>
									</dict>
									<dict>
										<key>2</key>
										<integer>1</integer>
										<key>3</key>
										<integer>8</integer>
										<key>4</key>
										<integer>0</integer>
										<key>5</key>
										<integer>4</integer>
										<key>6</key>
										<integer>1175989043</integer>
										<key>7</key>
										<integer>1104900771</integer>
										<key>8</key>
										<integer>-1059990737</integer>
									</dict>
									<dict>
										<key>2</key>
										<integer>1</integer>
										<key>3</key>
										<integer>9</integer>
										<key>4</key>
										<integer>0</integer>
										<key>5</key>
										<integer>4</integer>
										<key>6</key>
										<integer>1177148941</integer>
										<key>7</key>
										<integer>1097811530</integer>
										<key>8</key>
										<integer>-1060524760</integer>
									</dict>
									<dict>
										<key>2</key>
										<integer>1</integer>
										<key>3</key>
										<integer>10</integer>
										<key>4</key>
										<integer>0</integer>
										<key>5</key>
										<integer>4</integer>
										<key>6</key>
										<integer>1177625019</integer>
										<key>7</key>
										<integer>1102406151</integer>
										<key>8</key>
										<integer>-1062393839</integer>
									</dict>
									<dict>
										<key>2</key>
										<integer>1</integer>
										<key>3</key>
										<integer>11</integer>
										<key>4</key>
										<integer>0</integer>
										<key>5</key>
										<integer>4</integer>
										<key>6</key>
										<integer>1178040506</integer>
										<key>7</key>
										<integer>1105691792</integer>
										<key>8</key>
										<integer>-1059990737</integer>
									</dict>
									<dict>
										<key>2</key>
										<integer>1</integer>
										<key>3</key>
										<integer>12</integer>
										<key>4</key>
										<integer>0</integer>
										<key>5</key>
										<integer>4</integer>
										<key>6</key>
										<integer>1179165780</integer>
										<key>7</key>
										<integer>1111352147</integer>
										<key>8</key>
										<integer>-1053270950</integer>
									</dict>
									<dict>
										<key>2</key>
										<integer>1</integer>
										<key>3</key>
										<integer>13</integer>
										<key>4</key>
										<integer>0</integer>
										<key>5</key>
										<integer>4</integer>
										<key>6</key>
										<integer>1179503362</integer>
										<key>7</key>
										<integer>1110920726</integer>
										<key>8</key>
										<integer>-1050867848</integer>
									</dict>
									<dict>
										<key>2</key>
										<integer>1</integer>
										<key>3</key>
										<integer>14</integer>
										<key>4</key>
										<integer>0</integer>
										<key>5</key>
										<integer>4</integer>
										<key>6</key>
										<integer>1180446862</integer>
										<key>7</key>
										<integer>1102019589</integer>
										<key>8</key>
										<integer>-1052736927</integer>
									</dict>
									<dict>
										<key>2</key>
										<integer>1</integer>
										<key>3</key>
										<integer>15</integer>
										<key>4</key>
										<integer>0</integer>
										<key>5</key>
										<integer>4</integer>
										<key>6</key>
										<integer>1181373050</integer>
										<key>7</key>
										<integer>1103437665</integer>
										<key>8</key>
										<integer>-1056341581</integer>
									</dict>
									<dict>
										<key>2</key>
										<integer>1</integer>
										<key>3</key>
										<integer>16</integer>
										<key>4</key>
										<integer>0</integer>
										<key>5</key>
										<integer>4</integer>
										<key>6</key>
										<integer>1182420421</integer>
										<key>7</key>
										<integer>1093958721</integer>
										<key>8</key>
										<integer>-1068512851</integer>
									</dict>
									<dict>
										<key>2</key>
										<integer>1</integer>
										<key>3</key>
										<integer>17</integer>
										<key>4</key>
										<integer>0</integer>
										<key>5</key>
										<integer>4</integer>
										<key>6</key>
										<integer>1179840944</integer>
										<key>7</key>
										<integer>1109925232</integer>
										<key>8</key>
										<integer>-1048998768</integer>
									</dict>
									<dict>
										<key>2</key>
										<integer>1</integer>
										<key>3</key>
										<integer>18</integer>
										<key>4</key>
										<integer>0</integer>
										<key>5</key>
										<integer>4</integer>
										<key>6</key>
										<integer>1183081858</integer>
										<key>7</key>
										<integer>1078346060</integer>
										<key>8</key>
										<integer>-1077168470</integer>
									</dict>
									<dict>
										<key>2</key>
										<integer>1</integer>
										<key>3</key>
										<integer>19</integer>
										<key>4</key>
										<integer>0</integer>
										<key>5</key>
										<integer>4</integer>
										<key>6</key>
										<integer>1169912941</integer>
										<key>7</key>
										<integer>1096384878</integer>
										<key>8</key>
										<integer>-1082886964</integer>
									</dict>
									<dict>
										<key>2</key>
										<integer>1</integer>
										<key>3</key>
										<integer>20</integer>
										<key>4</key>
										<integer>0</integer>
										<key>5</key>
										<integer>4</integer>
										<key>6</key>
										<integer>1180914284</integer>
										<key>7</key>
										<integer>1110187061</integer>
										<key>8</key>
										<integer>-1051401870</integer>
									</dict>
								</array>
							</dict>
							<key>PatchbayInfo</key>
							<dict>
								<key>InputPort0</key>
								<dict>
									<key>PortInstance</key>
									<integer>0</integer>
									<key>PortWidth</key>
									<integer>1</integer>
									<key>SourceFuncInstance</key>
									<integer>7</integer>
									<key>SourcePortIndex</key>
									<integer>0</integer>
								</dict>
								<key>InputPort1</key>
								<dict>
									<key>PortInstance</key>
									<integer>1</integer>
									<key>PortWidth</key>
									<integer>1</integer>
									<key>SourceFuncInstance</key>
									<integer>7</integer>
									<key>SourcePortIndex</key>
									<integer>1</integer>
								</dict>
							</dict>
						</dict>
						<key>DspFunction9</key>
						<dict>
							<key>FunctionInfo</key>
							<dict>
								<key>DspFuncName</key>
								<string>DspEqualization32</string>
								<key>DspFuncInstance</key>
								<integer>9</integer>
								<key>DspFuncProcessingIndex</key>
								<integer>9</integer>
							</dict>
							<key>ParameterInfo</key>
							<dict>
								<key>1</key>
								<integer>0</integer>
								<key>9</key>
								<integer>0</integer>
								<key>Filter</key>
								<array>
									<dict>
										<key>2</key>
										<integer>2</integer>
										<key>3</key>
										<integer>12</integer>
										<key>4</key>
										<integer>0</integer>
										<key>5</key>
										<integer>4</integer>
										<key>6</key>
										<integer>1160864302</integer>
										<key>7</key>
										<integer>1100943464</integer>
										<key>8</key>
										<integer>-1082886964</integer>
									</dict>
								</array>
							</dict>
							<key>PatchbayInfo</key>
							<dict>
								<key>InputPort0</key>
								<dict>
									<key>PortInstance</key>
									<integer>0</integer>
									<key>PortWidth</key>
									<integer>1</integer>
									<key>SourceFuncInstance</key>
									<integer>7</integer>
									<key>SourcePortIndex</key>
									<integer>2</integer>
								</dict>
								<key>InputPort1</key>
								<dict>
									<key>PortInstance</key>
									<integer>1</integer>
									<key>PortWidth</key>
									<integer>1</integer>
									<key>SourceFuncInstance</key>
									<integer>7</integer>
									<key>SourcePortIndex</key>
									<integer>3</integer>
								</dict>
							</dict>
						</dict>
						<key>DspFunction10</key>
						<dict>
							<key>FunctionInfo</key>
							<dict>
								<key>DspFuncName</key>
								<string>Dsp3ChOutput</string>
								<key>DspFuncInstance</key>
								<integer>10</integer>
								<key>DspFuncProcessingIndex</key>
								<integer>10</integer>
							</dict>
							<key>ParameterInfo</key>
							<dict>
								<key>15</key>
								<integer>-1070661876</integer>
								<key>8</key>
								<integer>0</integer>
								<key>3</key>
								<integer>0</integer>
								<key>12</key>
								<integer>0</integer>
								<key>7</key>
								<integer>0</integer>
								<key>6</key>
								<integer>0</integer>
								<key>1</key>
								<integer>0</integer>
								<key>10</key>
								<integer>0</integer>
								<key>14</key>
								<integer>-1075970536</integer>
								<key>16</key>
								<integer>-1067411678</integer>
								<key>2</key>
								<integer>0</integer>
								<key>4</key>
								<integer>0</integer>
								<key>11</key>
								<integer>0</integer>
							</dict>
							<key>PatchbayInfo</key>
							<dict>
								<key>InputPort0</key>
								<dict>
									<key>PortInstance</key>
									<integer>0</integer>
									<key>PortWidth</key>
									<integer>1</integer>
									<key>SourceFuncInstance</key>
									<integer>8</integer>
									<key>SourcePortIndex</key>
									<integer>0</integer>
								</dict>
								<key>InputPort1</key>
								<dict>
									<key>PortInstance</key>
									<integer>1</integer>
									<key>PortWidth</key>
									<integer>1</integer>
									<key>SourceFuncInstance</key>
									<integer>8</integer>
									<key>SourcePortIndex</key>
									<integer>1</integer>
								</dict>
								<key>InputPort2</key>
								<dict>
									<key>PortInstance</key>
									<integer>2</integer>
									<key>PortWidth</key>
									<integer>1</integer>
									<key>SourceFuncInstance</key>
									<integer>9</integer>
									<key>SourcePortIndex</key>
									<integer>0</integer>
								</dict>
								<key>InputPort3</key>
								<dict>
									<key>PortInstance</key>
									<integer>3</integer>
									<key>PortWidth</key>
									<integer>1</integer>
									<key>SourceFuncInstance</key>
									<integer>9</integer>
									<key>SourcePortIndex</key>
									<integer>1</integer>
								</dict>
							</dict>
						</dict>
					</dict>
				</dict>
			</dict>
			<key>LineIn</key>
			<dict/>
			<key>Mic</key>
			<dict>
                <key>MuteGPIO</key>
                <integer>1342242829</integer>		<!-- 0x5001000D	-->
				<!-- Created with DGB version: 1.9.5 by Mike Mckenna On: 06/14/2012 04:30PM -->
				<!-- <rdar://11625547,11625543,11625531,11612295> -->
				<key>SignalProcessing</key>
				<dict>
					<key>SoftwareDSP</key>
					<dict>
						<key>DspFunction0</key>
						<dict>
							<key>FunctionInfo</key>
							<dict>
								<key>DspFuncName</key>
								<string>DspGainStage</string>
								<key>DspFuncInstance</key>
								<integer>0</integer>
								<key>DspFuncProcessingIndex</key>
								<integer>0</integer>
							</dict>
							<key>ParameterInfo</key>
							<dict>
								<key>1</key>
								<integer>0</integer>
								<key>2</key>
								<integer>1078616770</integer>
								<key>3</key>
								<integer>1078616770</integer>
							</dict>
							<key>PatchbayInfo</key>
							<dict>
							</dict>
						</dict>
						<key>DspFunction1</key>
						<dict>
							<key>FunctionInfo</key>
							<dict>
								<key>DspFuncName</key>
								<string>DspNoiseReduction</string>
								<key>DspFuncInstance</key>
								<integer>1</integer>
								<key>DspFuncProcessingIndex</key>
								<integer>1</integer>
							</dict>
							<key>ParameterInfo</key>
							<dict>
								<key>3</key>
								<integer>0</integer>
								<key>1</key>
								<integer>0</integer>
								<key>4</key>
								<integer>-1065234510</integer>
								<key>2</key>
								<integer>1</integer>
								<key>5</key>
								<data>3omDwsy1a8J1lXTCpiOAwhCfgcJfRHvC
									  VZt9wj0bh8L6XYzCYfSMwnf6j8KUR4/C
									  dVWPwtSzkcI44ZLCqjyTwt+7lcJRpJfC
									  P6OXwvg7mcILiJjCiTyYwvoem8Kbx5zC
									  uQGdwlMUncI39JzCibadwpWUnsKbZ5/C
									  31+fwi8hn8Lehp7CNcudwuHsncK+1Z7C
									  Kqefwn38n8JMF6DC+AWgwo8moMIUVKDC
									  54+gwg/hoMIRNKHCIVmhwvJTocJqwqHC
									  16ahwkdXocJVaKHCEsahwo/pocJ9u6HC
									  9PShwh2PosJ91KPCZ86kwplfpcL3q6TC
									  vNmjwstPo8IryqLCLr6iwv6+osKAk6LC
									  R7qiwj31osKe/6LCadSiwlMYo8ItH6PC
									  R/yiwjU3o8KrYaPCbTmjwnRQo8K+kaPC
									  1KKjws+6o8LpuKPCk9ajwvv5o8KAPaTC
									  ZU6kwr9lpMJZXqTC1d2kwtj0pMJJBKXC
									  2C2lwnmEpcJ7zqXCU+Wlwh4/psIU66bC
									  5ZmnwifHp8JtYKjCBxOpwuStqcLKo6rC
									  AqurwmWZrMIPWK3CVVmuwtaXr8KkArHC
									  /4uywqsqtMI657XCgJ23wnVpucKDzLvC
									  t2G+wq7XwMKbNsPC7fHFwqaDycIdUM3C
									  0RjRwq571cJPhdrC7X3fwqEh5MLjm+fC
									  iZ/pwlO16sIRsPjC
								</data>
							</dict>
							<key>PatchbayInfo</key>
							<dict>
								<key>InputPort0</key>
								<dict>
									<key>PortInstance</key>
									<integer>0</integer>
									<key>PortWidth</key>
									<integer>1</integer>
									<key>SourceFuncInstance</key>
									<integer>0</integer>
									<key>SourcePortIndex</key>
									<integer>0</integer>
								</dict>
								<key>InputPort1</key>
								<dict>
									<key>PortInstance</key>
									<integer>1</integer>
									<key>PortWidth</key>
									<integer>1</integer>
									<key>SourceFuncInstance</key>
									<integer>0</integer>
									<key>SourcePortIndex</key>
									<integer>1</integer>
								</dict>
							</dict>
						</dict>
						<key>DspFunction2</key>
						<dict>
							<key>FunctionInfo</key>
							<dict>
								<key>DspFuncName</key>
								<string>DspEqualization32</string>
								<key>DspFuncInstance</key>
								<integer>2</integer>
								<key>DspFuncProcessingIndex</key>
								<integer>2</integer>
							</dict>
							<key>ParameterInfo</key>
							<dict>
								<key>1</key>
								<integer>0</integer>
								<key>9</key>
								<integer>0</integer>
								<key>Filter</key>
								<array>
									<dict>
										<key>2</key>
										<integer>0</integer>
										<key>3</key>
										<integer>0</integer>
										<key>4</key>
										<integer>0</integer>
										<key>5</key>
										<integer>1</integer>
										<key>6</key>
										<integer>1117798621</integer>
										<key>7</key>
										<integer>1060439283</integer>
										<key>8</key>
										<integer>-1069504319</integer>
									</dict>
									<dict>
										<key>2</key>
										<integer>0</integer>
										<key>3</key>
										<integer>7</integer>
										<key>4</key>
										<integer>0</integer>
										<key>5</key>
										<integer>4</integer>
										<key>6</key>
										<integer>1137960449</integer>
										<key>7</key>
										<integer>1083401502</integer>
										<key>8</key>
										<integer>-1066910782</integer>
									</dict>
									<dict>
										<key>2</key>
										<integer>0</integer>
										<key>3</key>
										<integer>8</integer>
										<key>4</key>
										<integer>0</integer>
										<key>5</key>
										<integer>4</integer>
										<key>6</key>
										<integer>1142468844</integer>
										<key>7</key>
										<integer>1082654511</integer>
										<key>8</key>
										<integer>-1070114919</integer>
									</dict>
									<dict>
										<key>2</key>
										<integer>0</integer>
										<key>3</key>
										<integer>11</integer>
										<key>4</key>
										<integer>0</integer>
										<key>5</key>
										<integer>4</integer>
										<key>6</key>
										<integer>1146153884</integer>
										<key>7</key>
										<integer>1092800897</integer>
										<key>8</key>
										<integer>-1076100424</integer>
									</dict>
									<dict>
										<key>2</key>
										<integer>0</integer>
										<key>3</key>
										<integer>12</integer>
										<key>4</key>
										<integer>0</integer>
										<key>5</key>
										<integer>4</integer>
										<key>6</key>
										<integer>1148648761</integer>
										<key>7</key>
										<integer>1090554231</integer>
										<key>8</key>
										<integer>-1056875604</integer>
									</dict>
									<dict>
										<key>2</key>
										<integer>0</integer>
										<key>3</key>
										<integer>13</integer>
										<key>4</key>
										<integer>0</integer>
										<key>5</key>
										<integer>4</integer>
										<key>6</key>
										<integer>1157648070</integer>
										<key>7</key>
										<integer>1098537589</integer>
										<key>8</key>
										<integer>-1073319056</integer>
									</dict>
									<dict>
										<key>2</key>
										<integer>0</integer>
										<key>3</key>
										<integer>14</integer>
										<key>4</key>
										<integer>0</integer>
										<key>5</key>
										<integer>4</integer>
										<key>6</key>
										<integer>1154077054</integer>
										<key>7</key>
										<integer>1087533386</integer>
										<key>8</key>
										<integer>-1070648942</integer>
									</dict>
									<dict>
										<key>2</key>
										<integer>0</integer>
										<key>3</key>
										<integer>17</integer>
										<key>4</key>
										<integer>0</integer>
										<key>5</key>
										<integer>4</integer>
										<key>6</key>
										<integer>1164184017</integer>
										<key>7</key>
										<integer>1065961973</integer>
										<key>8</key>
										<integer>1074698615</integer>
									</dict>
									<dict>
										<key>2</key>
										<integer>0</integer>
										<key>3</key>
										<integer>31</integer>
										<key>4</key>
										<integer>0</integer>
										<key>5</key>
										<integer>0</integer>
										<key>6</key>
										<integer>1180661802</integer>
										<key>7</key>
										<integer>1060439283</integer>
										<key>8</key>
										<integer>-1069504319</integer>
									</dict>
									<dict>
										<key>2</key>
										<integer>1</integer>
										<key>3</key>
										<integer>0</integer>
										<key>4</key>
										<integer>0</integer>
										<key>5</key>
										<integer>1</integer>
										<key>6</key>
										<integer>1117798621</integer>
										<key>7</key>
										<integer>1060439283</integer>
										<key>8</key>
										<integer>-1069504319</integer>
									</dict>
									<dict>
										<key>2</key>
										<integer>1</integer>
										<key>3</key>
										<integer>7</integer>
										<key>4</key>
										<integer>0</integer>
										<key>5</key>
										<integer>4</integer>
										<key>6</key>
										<integer>1137960449</integer>
										<key>7</key>
										<integer>1083401502</integer>
										<key>8</key>
										<integer>-1066910782</integer>
									</dict>
									<dict>
										<key>2</key>
										<integer>1</integer>
										<key>3</key>
										<integer>8</integer>
										<key>4</key>
										<integer>0</integer>
										<key>5</key>
										<integer>4</integer>
										<key>6</key>
										<integer>1142468844</integer>
										<key>7</key>
										<integer>1082654511</integer>
										<key>8</key>
										<integer>-1070114919</integer>
									</dict>
									<dict>
										<key>2</key>
										<integer>1</integer>
										<key>3</key>
										<integer>11</integer>
										<key>4</key>
										<integer>0</integer>
										<key>5</key>
										<integer>4</integer>
										<key>6</key>
										<integer>1146153884</integer>
										<key>7</key>
										<integer>1092800897</integer>
										<key>8</key>
										<integer>-1076100424</integer>
									</dict>
									<dict>
										<key>2</key>
										<integer>1</integer>
										<key>3</key>
										<integer>12</integer>
										<key>4</key>
										<integer>0</integer>
										<key>5</key>
										<integer>4</integer>
										<key>6</key>
										<integer>1148648761</integer>
										<key>7</key>
										<integer>1090554231</integer>
										<key>8</key>
										<integer>-1056875604</integer>
									</dict>
									<dict>
										<key>2</key>
										<integer>1</integer>
										<key>3</key>
										<integer>13</integer>
										<key>4</key>
										<integer>0</integer>
										<key>5</key>
										<integer>4</integer>
										<key>6</key>
										<integer>1157648070</integer>
										<key>7</key>
										<integer>1098537589</integer>
										<key>8</key>
										<integer>-1073319056</integer>
									</dict>
									<dict>
										<key>2</key>
										<integer>1</integer>
										<key>3</key>
										<integer>14</integer>
										<key>4</key>
										<integer>0</integer>
										<key>5</key>
										<integer>4</integer>
										<key>6</key>
										<integer>1154077054</integer>
										<key>7</key>
										<integer>1087533386</integer>
										<key>8</key>
										<integer>-1070648942</integer>
									</dict>
									<dict>
										<key>2</key>
										<integer>1</integer>
										<key>3</key>
										<integer>17</integer>
										<key>4</key>
										<integer>0</integer>
										<key>5</key>
										<integer>4</integer>
										<key>6</key>
										<integer>1164184017</integer>
										<key>7</key>
										<integer>1065961973</integer>
										<key>8</key>
										<integer>1074698615</integer>
									</dict>
									<dict>
										<key>2</key>
										<integer>1</integer>
										<key>3</key>
										<integer>31</integer>
										<key>4</key>
										<integer>0</integer>
										<key>5</key>
										<integer>0</integer>
										<key>6</key>
										<integer>1180661802</integer>
										<key>7</key>
										<integer>1060439283</integer>
										<key>8</key>
										<integer>-1069504319</integer>
									</dict>
								</array>
							</dict>
							<key>PatchbayInfo</key>
							<dict>
								<key>InputPort0</key>
								<dict>
									<key>PortInstance</key>
									<integer>0</integer>
									<key>PortWidth</key>
									<integer>1</integer>
									<key>SourceFuncInstance</key>
									<integer>1</integer>
									<key>SourcePortIndex</key>
									<integer>0</integer>
								</dict>
								<key>InputPort1</key>
								<dict>
									<key>PortInstance</key>
									<integer>1</integer>
									<key>PortWidth</key>
									<integer>1</integer>
									<key>SourceFuncInstance</key>
									<integer>1</integer>
									<key>SourcePortIndex</key>
									<integer>1</integer>
								</dict>
							</dict>
						</dict>
						<key>DspFunction3</key>
						<dict>
							<key>FunctionInfo</key>
							<dict>
								<key>DspFuncName</key>
								<string>DspAECGainAdjustStage</string>
								<key>DspFuncInstance</key>
								<integer>3</integer>
								<key>DspFuncProcessingIndex</key>
								<integer>3</integer>
							</dict>
							<key>ParameterInfo</key>
							<dict>
								<key>3</key>
								<integer>1065353216</integer>
								<key>1</key>
								<integer>1</integer>
								<key>4</key>
								<integer>1103626240</integer>
								<key>2</key>
								<integer>0</integer>
								<key>5</key>
								<integer>0</integer>
							</dict>
							<key>PatchbayInfo</key>
							<dict>
								<key>InputPort0</key>
								<dict>
									<key>PortInstance</key>
									<integer>0</integer>
									<key>PortWidth</key>
									<integer>1</integer>
									<key>SourceFuncInstance</key>
									<integer>2</integer>
									<key>SourcePortIndex</key>
									<integer>0</integer>
								</dict>
								<key>InputPort1</key>
								<dict>
									<key>PortInstance</key>
									<integer>1</integer>
									<key>PortWidth</key>
									<integer>1</integer>
									<key>SourceFuncInstance</key>
									<integer>2</integer>
									<key>SourcePortIndex</key>
									<integer>1</integer>
								</dict>
							</dict>
						</dict>
					</dict>
				</dict>
			</dict>
			<key>Outputs</key>
			<array>
                <string>Headphone</string>
                <string>IntSpeaker</string>
                <string>SPDIFOut</string>
			</array>
			<key>PathMapID</key>
            <integer>46</integer>
			<key>SPDIFIn</key>
			<dict/>
			<key>SPDIFOut</key>
			<dict/>
		</dict>
	</array>
</dict>
