<dict>    <!--    layout23.xml    -->
    <key>LayoutID</key>
    <integer>23</integer>
	<key>PathMapRef</key>
	<array>
		<dict>
			<key>CodecID</key>
			<array>
				<integer>2206496384</integer>
			</array>
			<key>Headphone</key>
			<dict>
				<key>AmpPostDelay</key>
				<integer>200</integer>
				<key>AmpPreDelay</key>
				<integer>50</integer>
				<key>MuteGPIO</key>
                <integer>1</integer>
			</dict>
			<key>Inputs</key>
			<array>
                <string>LineIn</string>
                <string>Mic</string>
                <string>SPDIFIn</string>
			</array>
			<key>IntSpeaker</key>
			<dict>
				<key>AmpPostDelay</key>
				<integer>100</integer>
				<key>AmpPreDelay</key>
				<integer>50</integer>
				<key>MaximumBootBeepValue</key>
				<integer>110</integer>
				<key>MuteGPIO</key>
                <integer>0</integer>
				<key>SignalProcessing</key>
				<dict>
					<key>SoftwareDSP</key>
					<dict>
						<key>DspFunction0</key>
						<dict>
							<key>FunctionInfo</key>
							<dict>
								<key>DspFuncName</key>
								<string>DspEqualization</string>
								<key>DspFuncInstance</key>
								<integer>0</integer>
								<key>DspFuncProcessingIndex</key>
								<integer>0</integer>
							</dict>
							<key>ParameterInfo</key>
							<dict>
								<key>1</key>
								<integer>0</integer>
								<key>Filter</key>
								<array>
									<dict>
										<key>2</key>
										<integer>2</integer>
										<key>3</key>
										<integer>0</integer>
										<key>4</key>
										<integer>0</integer>
										<key>5</key>
										<integer>1</integer>
										<key>6</key>
										<integer>1114576025</integer>
										<key>7</key>
										<integer>1060439283</integer>
										<key>8</key>
										<integer>1072987140</integer>
									</dict>
									<dict>
										<key>2</key>
										<integer>2</integer>
										<key>3</key>
										<integer>1</integer>
										<key>4</key>
										<integer>0</integer>
										<key>5</key>
										<integer>4</integer>
										<key>6</key>
										<integer>1128953282</integer>
										<key>7</key>
										<integer>1056969137</integer>
										<key>8</key>
										<integer>-1068546112</integer>
									</dict>
									<dict>
										<key>2</key>
										<integer>2</integer>
										<key>3</key>
										<integer>2</integer>
										<key>4</key>
										<integer>0</integer>
										<key>5</key>
										<integer>4</integer>
										<key>6</key>
										<integer>1150632040</integer>
										<key>7</key>
										<integer>1075634754</integer>
										<key>8</key>
										<integer>-1063118189</integer>
									</dict>
									<dict>
										<key>2</key>
										<integer>2</integer>
										<key>3</key>
										<integer>5</integer>
										<key>4</key>
										<integer>0</integer>
										<key>5</key>
										<integer>4</integer>
										<key>6</key>
										<integer>1162201525</integer>
										<key>7</key>
										<integer>1067473362</integer>
										<key>8</key>
										<integer>-1072725903</integer>
									</dict>
									<dict>
										<key>2</key>
										<integer>2</integer>
										<key>3</key>
										<integer>15</integer>
										<key>4</key>
										<integer>0</integer>
										<key>5</key>
										<integer>0</integer>
										<key>6</key>
										<integer>1182308499</integer>
										<key>7</key>
										<integer>1060439283</integer>
										<key>8</key>
										<integer>-1051970721</integer>
									</dict>
								</array>
							</dict>
							<key>PatchbayInfo</key>
							<dict>
							</dict>
						</dict>
						<key>DspFunction1</key>
						<dict>
							<key>FunctionInfo</key>
							<dict>
								<key>DspFuncName</key>
								<string>DspMultibandDRC</string>
								<key>DspFuncInstance</key>
								<integer>1</integer>
								<key>DspFuncProcessingIndex</key>
								<integer>1</integer>
							</dict>
							<key>ParameterInfo</key>
							<dict>
								<key>1</key>
								<integer>0</integer>
								<key>Crossover</key>
								<dict>
									<key>4</key>
									<integer>2</integer>
									<key>5</key>
									<integer>0</integer>
									<key>6</key>
									<integer>1142292480</integer>
								</dict>
								<key>Limiter</key>
								<array>
									<dict>
										<key>2</key>
										<integer>1</integer>
										<key>3</key>
										<integer>0</integer>
										<key>7</key>
										<integer>0</integer>
										<key>8</key>
										<integer>0</integer>
										<key>9</key>
										<integer>-1101473576</integer>
										<key>10</key>
										<integer>-1047194347</integer>
										<key>11</key>
										<integer>1097982434</integer>
										<key>12</key>
										<integer>-1043012379</integer>
										<key>13</key>
										<integer>1067672420</integer>
										<key>14</key>
										<integer>-1027604480</integer>
										<key>15</key>
										<integer>1069558516</integer>
										<key>16</key>
										<integer>1073766496</integer>
										<key>17</key>
										<integer>1092887588</integer>
										<key>18</key>
										<integer>1111367199</integer>
										<key>19</key>
										<integer>1098445042</integer>
										<key>20</key>
										<integer>1137180672</integer>
										<key>21</key>
										<integer>0</integer>
										<key>22</key>
										<integer>0</integer>
										<key>23</key>
										<integer>1</integer>
									</dict>
									<dict>
										<key>2</key>
										<integer>2</integer>
										<key>3</key>
										<integer>0</integer>
										<key>7</key>
										<integer>0</integer>
										<key>8</key>
										<integer>0</integer>
										<key>9</key>
										<integer>-1094269236</integer>
										<key>10</key>
										<integer>-1054694750</integer>
										<key>11</key>
										<integer>1093818970</integer>
										<key>12</key>
										<integer>-1043012379</integer>
										<key>13</key>
										<integer>1067721764</integer>
										<key>14</key>
										<integer>-1028774876</integer>
										<key>15</key>
										<integer>1067582611</integer>
										<key>16</key>
										<integer>1073988548</integer>
										<key>17</key>
										<integer>1093849811</integer>
										<key>18</key>
										<integer>1112261572</integer>
										<key>19</key>
										<integer>1098445042</integer>
										<key>20</key>
										<integer>1137180672</integer>
										<key>21</key>
										<integer>0</integer>
										<key>22</key>
										<integer>0</integer>
										<key>23</key>
										<integer>1</integer>
									</dict>
								</array>
							</dict>
							<key>PatchbayInfo</key>
							<dict>
								<key>InputPort0</key>
								<dict>
									<key>PortInstance</key>
									<integer>0</integer>
									<key>PortWidth</key>
									<integer>1</integer>
									<key>SourceFuncInstance</key>
									<integer>0</integer>
									<key>SourcePortIndex</key>
									<integer>0</integer>
								</dict>
								<key>InputPort1</key>
								<dict>
									<key>PortInstance</key>
									<integer>1</integer>
									<key>PortWidth</key>
									<integer>1</integer>
									<key>SourceFuncInstance</key>
									<integer>0</integer>
									<key>SourcePortIndex</key>
									<integer>1</integer>
								</dict>
							</dict>
						</dict>
					</dict>
				</dict>
			</dict>
			<key>LineIn</key>
            <dict>
            </dict>
			<key>Mic</key>
			<dict>
                <key>MuteGPIO</key>
                <integer>1342242827</integer>
				<key>SignalProcessing</key>
				<dict>
					<key>SoftwareDSP</key>
					<dict>
						<key>DspFunction0</key>
						<dict>
							<key>FunctionInfo</key>
							<dict>
								<key>DspFuncName</key>
								<string>DspEqualization</string>
								<key>DspFuncInstance</key>
								<integer>0</integer>
								<key>DspFuncProcessingIndex</key>
								<integer>0</integer>
							</dict>
							<key>ParameterInfo</key>
							<dict>
								<key>1</key>
								<integer>0</integer>
								<key>Filter</key>
								<array>
									<dict>
										<key>2</key>
										<integer>2</integer>
										<key>3</key>
										<integer>0</integer>
										<key>4</key>
										<integer>0</integer>
										<key>5</key>
										<integer>5</integer>
										<key>6</key>
										<integer>1110558492</integer>
										<key>7</key>
										<integer>1060439283</integer>
										<key>8</key>
										<integer>-1044381696</integer>
									</dict>
									<dict>
										<key>2</key>
										<integer>2</integer>
										<key>3</key>
										<integer>1</integer>
										<key>4</key>
										<integer>0</integer>
										<key>5</key>
										<integer>4</integer>
										<key>6</key>
										<integer>1143886938</integer>
										<key>7</key>
										<integer>1058341842</integer>
										<key>8</key>
										<integer>-1093363620</integer>
									</dict>
									<dict>
										<key>2</key>
										<integer>2</integer>
										<key>3</key>
										<integer>5</integer>
										<key>4</key>
										<integer>0</integer>
										<key>5</key>
										<integer>4</integer>
										<key>6</key>
										<integer>1165224806</integer>
										<key>7</key>
										<integer>1068796443</integer>
										<key>8</key>
										<integer>-1055339134</integer>
									</dict>
									<dict>
										<key>2</key>
										<integer>2</integer>
										<key>3</key>
										<integer>15</integer>
										<key>4</key>
										<integer>0</integer>
										<key>5</key>
										<integer>6</integer>
										<key>6</key>
										<integer>1180776798</integer>
										<key>7</key>
										<integer>1060439283</integer>
										<key>8</key>
										<integer>-1045426644</integer>
									</dict>
								</array>
							</dict>
							<key>PatchbayInfo</key>
							<dict>
							</dict>
						</dict>
						<key>DspFunction1</key>
						<dict>
							<key>FunctionInfo</key>
							<dict>
								<key>DspFuncName</key>
								<string>DspMultibandDRC</string>
								<key>DspFuncInstance</key>
								<integer>1</integer>
								<key>DspFuncProcessingIndex</key>
								<integer>1</integer>
							</dict>
							<key>ParameterInfo</key>
							<dict>
								<key>1</key>
								<integer>0</integer>
								<key>Crossover</key>
								<dict>
									<key>4</key>
									<integer>1</integer>
									<key>5</key>
									<integer>0</integer>
									<key>6</key>
									<integer>1128792064</integer>
								</dict>
								<key>Limiter</key>
								<array>
									<dict>
										<key>2</key>
										<integer>1</integer>
										<key>3</key>
										<integer>0</integer>
										<key>7</key>
										<integer>0</integer>
										<key>8</key>
										<integer>0</integer>
										<key>9</key>
										<integer>-1094269236</integer>
										<key>10</key>
										<integer>-1046417167</integer>
										<key>11</key>
										<integer>1092338628</integer>
										<key>12</key>
										<integer>-1046417167</integer>
										<key>13</key>
										<integer>1067869798</integer>
										<key>14</key>
										<integer>-1027604480</integer>
										<key>15</key>
										<integer>1078598816</integer>
										<key>16</key>
										<integer>1065353216</integer>
										<key>17</key>
										<integer>1073741824</integer>
										<key>18</key>
										<integer>1122916955</integer>
										<key>19</key>
										<integer>1117579240</integer>
										<key>20</key>
										<integer>1137180672</integer>
										<key>21</key>
										<integer>0</integer>
										<key>22</key>
										<integer>0</integer>
										<key>23</key>
										<integer>1</integer>
									</dict>
								</array>
							</dict>
							<key>PatchbayInfo</key>
							<dict>
								<key>InputPort0</key>
								<dict>
									<key>PortInstance</key>
									<integer>0</integer>
									<key>PortWidth</key>
									<integer>1</integer>
									<key>SourceFuncInstance</key>
									<integer>0</integer>
									<key>SourcePortIndex</key>
									<integer>0</integer>
								</dict>
								<key>InputPort1</key>
								<dict>
									<key>PortInstance</key>
									<integer>1</integer>
									<key>PortWidth</key>
									<integer>1</integer>
									<key>SourceFuncInstance</key>
									<integer>0</integer>
									<key>SourcePortIndex</key>
									<integer>1</integer>
								</dict>
							</dict>
						</dict>
                        <key>DspFunction2</key>
                        <dict>
                            <key>FunctionInfo</key>
                            <dict>
                                <key>DspFuncName</key>
                                <string>DspAECGainAdjustStage</string>
                                <key>DspFuncInstance</key>
                                <integer>2</integer>
                                <key>DspFuncProcessingIndex</key>
                                <integer>2</integer>
                            </dict>
                            <key>ParameterInfo</key>
                            <dict>
                                <key>3</key>
                                <integer>0</integer>
                                <key>1</key>
                                <integer>1</integer>
                                <key>4</key>
                                <integer>1100480512</integer>
                                <key>2</key>
                                <integer>0</integer>
                                <key>5</key>
                                <integer>0</integer>
                            </dict>
                            <key>PatchbayInfo</key>
                            <dict>
                                <key>InputPort0</key>
                                <dict>
                                    <key>PortInstance</key>
                                    <integer>0</integer>
                                    <key>PortWidth</key>
                                    <integer>1</integer>
                                    <key>SourceFuncInstance</key>
                                    <integer>1</integer>
                                    <key>SourcePortIndex</key>
                                    <integer>0</integer>
                                </dict>
                                <key>InputPort1</key>
                                <dict>
                                    <key>PortInstance</key>
                                    <integer>1</integer>
                                    <key>PortWidth</key>
                                    <integer>1</integer>
                                    <key>SourceFuncInstance</key>
                                    <integer>1</integer>
                                    <key>SourcePortIndex</key>
                                    <integer>1</integer>
                                </dict>
                            </dict>
                        </dict>
					</dict>
				</dict>
			</dict>
			<key>Outputs</key>
			<array>
                <string>Headphone</string>
                <string>IntSpeaker</string>
                <string>SPDIFOut</string>
			</array>
			<key>PathMapID</key>
            <integer>1</integer>
			<key>SPDIFIn</key>
			<dict/>
			<key>SPDIFOut</key>
			<dict/>
		</dict>
	</array>
</dict>
